loan_id,borrower_id,loan_type,origination_date,maturity_date,original_principal,current_balance,interest_rate,term_months,borrower_state,loan_purpose,credit_grade,employment_length,income_band,payment_status,days_past_due,servicer_name,last_payment_date,last_updated_at,document_status,source_system
LN-10001,BOR-20001,Conventional_15Y,2023-01-30,2037-11-12,242520.52,211447.88,6.985,180,MT,Debt_Consolidation,A,14 years,< $40k,DELINQUENT_60,60,Beacon Servicing Group,2026-07-20,2026-07-18 17:44:07,VERIFIED,LOS_Encompass
LN-10002,BOR-20002,Auto_Loan,2023-01-04,2037-10-17,504919.11,383370.18,4.018,180,ID,Refinance_RateTerm,A+,6 years,$120k - $200k,CURRENT,0,Citadel Loan Partners,2026-08-15,2026-08-20 17:44:07,VERIFIED,Fiserv_Core
LN-10003,BOR-20003,Conventional_15Y,2023-05-18,2043-02-02,290769.01,249310.49,3.0,240,UT,Debt_Consolidation,A,13 years,< $40k,CURRENT,0,Evergreen Capital Servicing,2026-06-27,2026-08-02 17:44:07,VERIFIED,Spreadsheet_Manual_Upload
LN-10004,BOR-20004,VA_30Y,2021-03-13,2050-10-07,82077.07,71426.39,4.414,360,PA,Refinance_CashOut,A,13 years,$75k - $120k,CURRENT,0,Beacon Servicing Group,2026-07-29,2026-08-03 17:44:07,VERIFIED,Empower_Origination
LN-10005,BOR-20005,Jumbo_30Y,2023-08-18,2053-03-13,528483.37,488851.94,6.401,360,KS,Refinance_CashOut,A-,15 years,$120k - $200k,CURRENT,0,Evergreen Capital Servicing,2026-08-07,2026-07-13 17:44:07,VERIFIED,BlackKnight_MSP
LN-10006,BOR-20006,Conventional_30Y,2023-04-22,2038-02-02,72470.17,60845.33,4.29,180,AZ,Debt_Consolidation,B-,7 years,$120k - $200k,CURRENT,0,Delta Servicing Co.,2026-08-12,2026-08-09 17:44:07,VERIFIED,Empower_Origination
LN-10007,BOR-20007,VA_30Y,2022-07-29,2052-02-22,427284.1,294204.4,5.213,360,ID,Home_Improvement,B-,8 years,$40k - $75k,CURRENT,0,Apex Mortgage Servicing,2026-06-27,2026-08-18 17:44:07,VERIFIED,Empower_Origination
LN-10008,BOR-20008,FHA_30Y,2022-03-09,2051-10-03,467486.32,381156.29,6.176,360,UT,Debt_Consolidation,B,18 years,< $40k,CURRENT,0,Evergreen Capital Servicing,2026-07-04,2026-08-08 17:44:07,VERIFIED,BlackKnight_MSP
LN-10009,BOR-20009,Conventional_15Y,2022-03-22,2041-12-07,160710.43,152492.36,6.902,240,ND,Refinance_RateTerm,D,6 years,> $200k,CURRENT,0,Citadel Loan Partners,2026-06-29,2026-07-16 17:44:07,VERIFIED,Spreadsheet_Manual_Upload
LN-10010,BOR-20010,VA_30Y,2022-01-18,2036-10-31,583757.56,444366.38,7.227,180,MS,Purchase,E,11 years,$120k - $200k,DELINQUENT_90,90,Citadel Loan Partners,2026-08-06,2026-08-22 17:44:07,VERIFIED,Empower_Origination
LN-10011,BOR-20011,Conventional_15Y,2023-01-20,2037-11-02,390193.32,361231.46,7.123,180,WY,Refinance_CashOut,A-,16 years,> $200k,CURRENT,0,Evergreen Capital Servicing,2026-07-25,2026-08-12 17:44:07,VERIFIED,Spreadsheet_Manual_Upload
LN-10012,BOR-20012,VA_30Y,2021-11-16,2051-06-12,329294.61,235415.87,4.897,360,MS,Home_Improvement,A,8 years,$40k - $75k,DELINQUENT_30,30,Evergreen Capital Servicing,2026-07-17,2026-08-11 17:44:07,VERIFIED,Spreadsheet_Manual_Upload
LN-10013,BOR-20013,VA_30Y,2021-03-14,2035-12-26,545488.66,506973.99,3.138,180,NY,Refinance_RateTerm,A,17 years,$40k - $75k,CURRENT,0,Evergreen Capital Servicing,2026-08-13,2026-07-20 17:44:07,VERIFIED,Spreadsheet_Manual_Upload
LN-10014,BOR-20014,Personal_Installment,2023-03-15,2037-12-26,381081.06,307734.01,3.292,180,RI,Home_Improvement,B-,14 years,$120k - $200k,CURRENT,0,Apex Mortgage Servicing,2026-08-18,2026-07-31 17:44:07,VERIFIED,BlackKnight_MSP
,BOR-20015,Conventional_15Y,2021-07-16,2036-04-28,183146.24,145232.27,5.176,180,MO,Home_Improvement,B+,3 years,$120k - $200k,CURRENT,0,Apex Mortgage Servicing,2026-08-18,2026-07-15 17:44:07,VERIFIED,Spreadsheet_Manual_Upload
LN-10016,BOR-20016,Conventional_30Y,2023-08-07,2038-05-20,577495.85,500843.2,5.087,180,IA,Refinance_CashOut,C+,2 years,$40k - $75k,CURRENT,0,Citadel Loan Partners,2026-07-02,2026-07-27 17:44:07,VERIFIED,BlackKnight_MSP
LN-10017,BOR-20017,Commercial_Mortgage,2023-09-08,2053-04-03,561353.72,379376.02,6.556,360,NV,Refinance_CashOut,B+,10 years,$40k - $75k,CURRENT,0,Evergreen Capital Servicing,2026-08-18,2026-08-05 17:44:07,VERIFIED,LOS_Encompass
LN-10018,BOR-20018,Conventional_30Y,2022-05-04,2051-11-28,401995.27,261919.23,3.655,360,AR,Purchase,A-,3 years,> $200k,DELINQUENT_60,60,Delta Servicing Co.,2026-08-14,2026-07-20 17:44:07,VERIFIED,Empower_Origination
LN-10019,BOR-20019,Conventional_30Y,2021-03-25,2050-10-19,343457.44,256121.26,5.756,360,IN,Refinance_CashOut,B-,8 years,$75k - $120k,CURRENT,0,Citadel Loan Partners,2026-07-23,2026-08-05 17:44:07,VERIFIED,LOS_Encompass
LN-10020,BOR-20020,Conventional_30Y,2022-09-29,2042-06-16,748918.11,450374.07,3.171,240,AZ,Debt_Consolidation,B,5 years,$75k - $120k,CURRENT,0,Citadel Loan Partners,2026-08-03,2026-08-15 17:44:07,VERIFIED,Fiserv_Core
LN-10021,BOR-20021,Auto_Loan,2021-11-06,2051-06-02,478174.44,289041.35,6.51,360,CA,Debt_Consolidation,B,4 years,$40k - $75k,CURRENT,0,Evergreen Capital Servicing,2026-08-12,2026-08-08 17:44:07,VERIFIED,BlackKnight_MSP
LN-10022,BOR-20022,VA_30Y,2021-12-18,2051-07-14,192518.12,140156.41,4.268,360,NV,Refinance_RateTerm,A+,3 years,$120k - $200k,CURRENT,0,Citadel Loan Partners,2026-07-03,2026-08-17 17:44:07,VERIFIED,BlackKnight_MSP
LN-10023,BOR-20023,FHA_30Y,2022-03-29,2051-10-23,436176.29,349076.06,2.806,360,IL,Refinance_CashOut,D,2 years,$75k - $120k,CURRENT,0,Beacon Servicing Group,2026-08-19,2026-08-06 17:44:07,VERIFIED,BlackKnight_MSP
LN-10024,BOR-20024,Conventional_30Y,2021-08-04,2041-04-21,527446.68,377954.21,4.784,240,NM,Home_Improvement,E,5 years,$40k - $75k,CURRENT,0,Beacon Servicing Group,2026-07-26,2026-08-24 17:44:07,VERIFIED,Empower_Origination
LN-10025,BOR-20025,ARM_5_1,2023-04-02,2042-12-18,518934.99,359481.76,4.177,240,NJ,Purchase,C+,2 years,$120k - $200k,CURRENT,0,Delta Servicing Co.,2026-07-30,2026-08-06 17:44:07,VERIFIED,Empower_Origination
LN-10026,BOR-20026,VA_30Y,2022-11-07,2037-08-20,185190.85,154654.42,7.72,180,WY,Refinance_RateTerm,B-,17 years,$120k - $200k,CURRENT,0,Citadel Loan Partners,2026-08-20,2026-08-18 17:44:07,VERIFIED,BlackKnight_MSP
LN-10027,BOR-20027,FHA_30Y,2023-09-13,2053-04-08,738485.4,691672.8,6.18,360,SC,Refinance_RateTerm,C+,17 years,< $40k,CURRENT,0,Citadel Loan Partners,2026-08-19,2026-07-29 17:44:07,VERIFIED,LOS_Encompass
LN-10028,BOR-20028,Auto_Loan,2022-12-05,2052-06-30,553601.0,382160.44,6.606,360,AL,Home_Improvement,A,11 years,> $200k,CURRENT,0,Citadel Loan Partners,2026-07-20,2026-08-06 17:44:07,VERIFIED,Fiserv_Core
LN-10029,BOR-20029,ARM_5_1,2022-12-15,2042-09-01,256958.64,0.0,5.168,240,LA,Refinance_CashOut,E,10 years,$120k - $200k,PAID_OFF,0,Citadel Loan Partners,2026-08-08,2026-07-29 17:44:07,VERIFIED,Spreadsheet_Manual_Upload
LN-10020,BOR-20030,ARM_5_1,2022-03-29,2041-12-14,359511.86,314646.4,5.471,240,AK,Refinance_CashOut,A,10 years,> $200k,CURRENT,0,Apex Mortgage Servicing,2026-06-30,2026-08-10 17:44:07,VERIFIED,BlackKnight_MSP
LN-10031,BOR-20031,VA_30Y,2021-05-31,2036-03-13,67097.77,57992.95,5.482,180,WY,Purchase,C,14 years,> $200k,CURRENT,0,Delta Servicing Co.,2026-07-27,2026-08-10 17:44:07,VERIFIED,Empower_Origination
LN-10032,BOR-20032,Conventional_30Y,2023-03-09,2037-12-20,347602.34,308823.71,8.258,180,MS,Home_Improvement,A+,18 years,$40k - $75k,CURRENT,0,Beacon Servicing Group,2026-07-01,2026-07-27 17:44:07,VERIFIED,Spreadsheet_Manual_Upload
LN-10033,BOR-20033,Auto_Loan,2021-11-21,2051-06-17,715027.73,456188.35,6.273,360,ND,Debt_Consolidation,C+,18 years,$120k - $200k,CURRENT,0,Delta Servicing Co.,2026-07-24,2026-08-09 17:44:07,VERIFIED,Empower_Origination
LN-10034,BOR-20034,Jumbo_30Y,2022-05-12,2051-12-06,488723.91,417316.9,3.196,360,MD,Refinance_CashOut,B,11 years,$75k - $120k,CURRENT,0,Beacon Servicing Group,2026-08-07,2026-08-01 17:44:07,VERIFIED,Empower_Origination
LN-10035,BOR-20035,VA_30Y,2022-03-01,2036-12-12,335319.56,0.0,5.141,180,AZ,Home_Improvement,C+,1 years,> $200k,PAID_OFF,0,Citadel Loan Partners,2026-08-02,2026-08-01 17:44:07,VERIFIED,Fiserv_Core
LN-10036,BOR-20036,Auto_Loan,2023-01-23,2052-08-18,432292.62,319404.41,4.018,360,MA,Refinance_RateTerm,C+,16 years,< $40k,CURRENT,0,Delta Servicing Co.,2026-07-06,2026-08-15 17:44:07,VERIFIED,Fiserv_Core
LN-10037,BOR-20037,FHA_30Y,2022-07-01,2052-01-25,68876.52,55934.13,5.995,360,TX,Purchase,C+,5 years,$120k - $200k,CURRENT,0,Citadel Loan Partners,2026-08-08,2026-07-27 17:44:07,VERIFIED,BlackKnight_MSP
LN-10038,BOR-20038,ARM_5_1,2021-10-12,2041-06-29,576406.88,379752.13,4.201,240,PA,Home_Improvement,A+,18 years,< $40k,CURRENT,0,Apex Mortgage Servicing,2026-07-03,2026-07-15 17:44:07,VERIFIED,LOS_Encompass
LN-10039,BOR-20039,Conventional_30Y,2021-07-24,2036-05-06,637460.19,466960.32,4.122,180,IA,Purchase,E,7 years,$120k - $200k,CURRENT,0,Beacon Servicing Group,2026-07-14,2026-07-18 17:44:07,VERIFIED,LOS_Encompass
LN-10040,BOR-20040,FHA_30Y,2021-04-21,2041-01-06,455079.31,284374.28,6.061,240,LA,Home_Improvement,B+,3 years,> $200k,CURRENT,0,Apex Mortgage Servicing,2026-07-08,2026-08-06 17:44:07,VERIFIED,Spreadsheet_Manual_Upload
LN-10041,BOR-20041,Conventional_15Y,2023-03-13,2052-10-06,78748.39,60127.48,6.554,360,IL,Debt_Consolidation,B-,1 years,$120k - $200k,CURRENT,0,Citadel Loan Partners,2026-07-12,2026-07-27 17:44:07,VERIFIED,Empower_Origination
LN-10042,BOR-20042,Commercial_Mortgage,2023-01-22,2037-11-04,415222.72,299931.94,6.291,180,KS,Home_Improvement,C,14 years,> $200k,CURRENT,0,Apex Mortgage Servicing,2026-08-04,2026-07-28 17:44:07,VERIFIED,Empower_Origination
LN-10043,BOR-20043,Personal_Installment,2022-09-17,2052-04-12,517731.93,430888.19,5.592,360,CO,Refinance_CashOut,C,7 years,$75k - $120k,CURRENT,0,Evergreen Capital Servicing,2026-07-08,2026-08-08 17:44:07,VERIFIED,Spreadsheet_Manual_Upload
LN-10044,BOR-20044,Conventional_30Y,2023-08-29,2053-03-24,183739.5,159031.2,5.087,360,NM,Refinance_CashOut,C,16 years,$120k - $200k,CURRENT,0,Beacon Servicing Group,2026-07-27,2026-07-12 17:44:07,VERIFIED,Empower_Origination
LN-10045,BOR-20010,Jumbo_30Y,2022-01-18,2052-03-14,583757.56,233173.33,4.727,360,AK,Debt_Consolidation,B-,12 years,$120k - $200k,CURRENT,0,Apex Mortgage Servicing,2026-07-06,2026-08-13 17:44:07,VERIFIED,BlackKnight_MSP
LN-10046,BOR-20046,Conventional_15Y,2022-07-03,2052-01-27,715614.29,506971.76,3.851,360,AK,Home_Improvement,B,17 years,> $200k,CURRENT,0,Beacon Servicing Group,2026-08-03,2026-08-11 17:44:07,VERIFIED,BlackKnight_MSP
LN-10047,BOR-20047,FHA_30Y,2021-01-15,2040-10-02,545612.94,494159.44,3.012,240,FL,Debt_Consolidation,B,5 years,$120k - $200k,DELINQUENT_30,30,Evergreen Capital Servicing,2026-08-03,2026-07-26 17:44:07,VERIFIED,Fiserv_Core
LN-10048,BOR-20048,Personal_Installment,2021-07-08,2041-03-25,725848.35,625414.57,7.705,240,GA,Purchase,C+,16 years,< $40k,CURRENT,0,Beacon Servicing Group,2026-08-12,2026-07-20 17:44:07,VERIFIED,BlackKnight_MSP
LN-10049,BOR-20049,Conventional_15Y,2021-05-02,2036-02-13,440651.12,354432.92,6.178,180,HI,Refinance_CashOut,D,13 years,$120k - $200k,CURRENT,0,Evergreen Capital Servicing,2026-07-25,2026-08-06 17:44:07,VERIFIED,Spreadsheet_Manual_Upload
LN-10050,BOR-20050,Conventional_30Y,2023-09-11,2053-04-06,568062.51,351257.72,3.945,360,AZ,Refinance_RateTerm,A,6 years,$40k - $75k,CURRENT,0,Apex Mortgage Servicing,2026-07-26,2026-07-28 17:44:07,VERIFIED,Spreadsheet_Manual_Upload
LN-10051,BOR-20051,Personal_Installment,2021-02-03,2040-10-21,212033.36,148967.32,6.792,240,UT,Purchase,B+,9 years,> $200k,CURRENT,0,Delta Servicing Co.,2026-08-14,2026-07-22 17:44:07,VERIFIED,Empower_Origination
LN-10052,BOR-20052,FHA_30Y,2023-04-27,2043-01-12,149565.4,138965.2,7.308,240,WV,Debt_Consolidation,B,15 years,< $40k,CURRENT,0,Delta Servicing Co.,2026-08-04,2026-07-24 17:44:07,VERIFIED,Spreadsheet_Manual_Upload
LN-10053,BOR-20053,Personal_Installment,2021-03-24,2040-12-09,468625.66,299312.14,6.974,240,WV,Refinance_RateTerm,A+,3 years,$40k - $75k,CURRENT,0,Evergreen Capital Servicing,2026-07-15,2026-08-24 17:44:07,VERIFIED,BlackKnight_MSP
LN-10054,BOR-20054,Conventional_30Y,2022-04-27,2037-02-07,413274.69,328644.18,4.349,180,ID,Home_Improvement,C,3 years,$120k - $200k,CURRENT,0,Apex Mortgage Servicing,2026-06-28,2026-08-15 17:44:07,VERIFIED,BlackKnight_MSP
LN-10055,BOR-20055,Commercial_Mortgage,2022-05-23,2051-12-17,251752.46,155880.66,7.428,360,NM,Purchase,C,3 years,$75k - $120k,CURRENT,0,Delta Servicing Co.,2026-06-27,2026-07-24 17:44:07,VERIFIED,LOS_Encompass
LN-10056,BOR-20056,Auto_Loan,2022-02-28,2041-11-15,87942.86,67588.15,6.33,240,NV,Home_Improvement,A+,7 years,$75k - $120k,CURRENT,0,Delta Servicing Co.,2026-07-08,2026-07-25 17:44:07,VERIFIED,LOS_Encompass
LN-10057,BOR-20057,Conventional_30Y,2022-09-16,2052-04-11,609519.61,427624.34,4.537,360,CA,Debt_Consolidation,C+,3 years,$40k - $75k,CURRENT,0,Delta Servicing Co.,2026-08-14,2026-07-15 17:44:07,VERIFIED,Empower_Origination
LN-10058,BOR-20058,Personal_Installment,2021-10-26,2051-05-22,406210.41,347026.08,7.55,360,IA,Refinance_CashOut,C,18 years,$40k - $75k,CURRENT,0,Evergreen Capital Servicing,2026-07-05,2026-08-17 17:44:07,VERIFIED,LOS_Encompass
LN-10059,BOR-20059,Jumbo_30Y,2021-12-15,2041-09-01,703973.88,543673.26,7.468,240,MD,Refinance_RateTerm,E,16 years,$40k - $75k,CURRENT,0,Citadel Loan Partners,2026-07-17,2026-07-22 17:44:07,VERIFIED,Fiserv_Core
LN-10060,BOR-20060,Personal_Installment,12/31/2022,2043-02-25,182056.66,128509.35,6.038,240,MA,Home_Improvement,A+,11 years,$120k - $200k,CURRENT,0,Delta Servicing Co.,2026-07-10,2026-07-15 17:44:07,VERIFIED,Empower_Origination
LN-10061,BOR-20061,Personal_Installment,2021-05-10,2036-02-21,401603.81,298567.07,7.751,180,CT,Purchase,D,15 years,< $40k,CURRENT,0,Beacon Servicing Group,2026-08-17,2026-07-26 17:44:07,VERIFIED,BlackKnight_MSP
LN-10062,BOR-20062,ARM_5_1,2022-12-11,2052-07-06,328238.33,0.0,4.639,360,MT,Debt_Consolidation,C+,11 years,$120k - $200k,PAID_OFF,0,Apex Mortgage Servicing,2026-08-06,2026-07-16 17:44:07,VERIFIED,BlackKnight_MSP
LN-10063,BOR-20063,VA_30Y,2021-04-03,2050-10-28,353780.03,323901.5,6.394,360,OH,Home_Improvement,A-,10 years,< $40k,DELINQUENT_30,30,Citadel Loan Partners,2026-07-30,2026-08-02 17:44:07,VERIFIED,Fiserv_Core
LN-10064,BOR-20064,FHA_30Y,2022-06-28,2037-04-10,338436.22,240753.33,3.785,180,VA,Purchase,E,13 years,> $200k,CURRENT,0,Evergreen Capital Servicing,2026-08-12,2026-08-11 17:44:07,VERIFIED,Fiserv_Core
LN-10065,BOR-20065,Jumbo_30Y,2021-09-19,2041-06-06,516788.5,328358.12,5.425,240,MD,Debt_Consolidation,A-,3 years,$120k - $200k,CURRENT,0,Citadel Loan Partners,2026-07-12,2026-07-29 17:44:07,VERIFIED,BlackKnight_MSP
LN-10066,BOR-20066,Personal_Installment,2021-07-23,2041-04-09,749561.5,488213.83,3.363,240,LA,Debt_Consolidation,B-,10 years,$75k - $120k,DELINQUENT_120,120,Citadel Loan Partners,2026-08-21,2026-07-20 17:44:07,VERIFIED,LOS_Encompass
LN-10067,BOR-20067,Personal_Installment,2023-03-06,2042-11-21,609202.08,449303.14,4.776,240,NH,Refinance_CashOut,E,9 years,$40k - $75k,CURRENT,0,Apex Mortgage Servicing,2026-08-02,2026-07-28 17:44:07,VERIFIED,LOS_Encompass
LN-10068,BOR-20068,ARM_5_1,2021-05-15,2050-12-09,113093.36,95757.43,7.048,360,VA,Refinance_CashOut,A-,18 years,$75k - $120k,CURRENT,0,Beacon Servicing Group,2026-08-05,2026-07-26 17:44:07,VERIFIED,BlackKnight_MSP
LN-10069,BOR-20069,ARM_5_1,2022-04-25,2037-02-05,724025.31,0.0,8.307,180,MT,Home_Improvement,D,12 years,< $40k,PAID_OFF,0,Evergreen Capital Servicing,2026-08-14,2026-07-27 17:44:07,VERIFIED,BlackKnight_MSP
LN-10070,BOR-20070,Jumbo_30Y,2022-01-26,2051-08-22,625692.11,388490.88,3.373,360,MA,Home_Improvement,A+,18 years,$75k - $120k,CURRENT,0,Apex Mortgage Servicing,2026-07-12,2026-07-27 17:44:07,VERIFIED,BlackKnight_MSP
LN-10071,BOR-20071,Commercial_Mortgage,2021-05-24,2036-03-06,81742.77,76590.99,8.477,180,GA,Purchase,B+,18 years,$40k - $75k,CURRENT,0,Evergreen Capital Servicing,2026-07-26,2026-07-19 17:44:07,VERIFIED,Empower_Origination
LN-10072,BOR-20072,Commercial_Mortgage,2021-04-12,2050-11-06,633585.16,465382.06,8.15,360,MO,Purchase,B-,7 years,$120k - $200k,CURRENT,0,Citadel Loan Partners,2026-08-15,2026-07-13 17:44:07,VERIFIED,BlackKnight_MSP
LN-10073,BOR-20073,Auto_Loan,2022-01-03,2051-07-30,92385.06,78845.24,8.317,360,UT,Purchase,B+,1 years,< $40k,CURRENT,0,Beacon Servicing Group,2026-07-02,2026-07-20 17:44:07,VERIFIED,Empower_Origination
LN-10074,BOR-20074,Conventional_15Y,2021-08-01,2051-02-25,460468.16,306410.0,4.09,360,WY,Refinance_CashOut,E,1 years,$75k - $120k,CURRENT,0,Beacon Servicing Group,2026-07-18,2026-08-09 17:44:07,VERIFIED,Empower_Origination
,BOR-20075,Conventional_15Y,2023-06-07,2052-12-31,68046.1,64289.88,7.292,360,TN,Debt_Consolidation,B-,1 years,$40k - $75k,CURRENT,0,Delta Servicing Co.,2026-07-19,2026-08-18 17:44:07,VERIFIED,LOS_Encompass
LN-10076,BOR-20076,Personal_Installment,2023-03-08,2042-11-23,303427.28,225208.85,5.349,240,MA,Debt_Consolidation,A+,17 years,$75k - $120k,CURRENT,0,Apex Mortgage Servicing,2026-07-22,2026-07-31 17:44:07,VERIFIED,Fiserv_Core
LN-10077,BOR-20077,Conventional_15Y,2022-12-31,2042-09-17,686790.58,634785.6,3.215,240,WV,Refinance_CashOut,A,5 years,$75k - $120k,CURRENT,0,Citadel Loan Partners,2026-07-28,2026-07-18 17:44:07,VERIFIED,Spreadsheet_Manual_Upload
LN-10078,BOR-20078,Jumbo_30Y,2022-06-02,2042-02-17,473798.75,433662.09,6.785,240,ME,Debt_Consolidation,B+,14 years,$120k - $200k,CURRENT,0,Delta Servicing Co.,2026-07-27,2026-07-30 17:44:07,VERIFIED,LOS_Encompass
LN-10079,BOR-20079,ARM_5_1,2021-11-17,2041-08-04,515575.5,422253.57,3.628,240,IA,Purchase,A,3 years,< $40k,CURRENT,0,Citadel Loan Partners,2026-07-01,2026-08-17 17:44:07,VERIFIED,Spreadsheet_Manual_Upload
LN-10040,BOR-20080,Conventional_30Y,2023-09-07,2053-04-02,443110.49,369830.61,3.453,360,SC,Home_Improvement,A+,10 years,> $200k,CURRENT,0,Evergreen Capital Servicing,2026-08-08,2026-08-16 17:44:07,VERIFIED,Fiserv_Core
LN-10081,BOR-20081,VA_30Y,2021-12-25,2036-10-07,641761.39,527113.05,7.135,180,NE,Refinance_CashOut,C+,18 years,> $200k,CURRENT,0,Apex Mortgage Servicing,2026-07-14,2026-07-14 17:44:07,VERIFIED,BlackKnight_MSP
LN-10082,BOR-20082,Conventional_30Y,2021-10-07,2036-07-20,541889.14,456192.28,4.704,180,CA,Refinance_CashOut,A-,13 years,< $40k,CURRENT,0,Apex Mortgage Servicing,2026-08-16,2026-07-23 17:44:07,VERIFIED,Empower_Origination
LN-10083,BOR-20083,Commercial_Mortgage,2022-04-10,2041-12-26,288627.19,236813.25,6.899,240,WY,Debt_Consolidation,E,3 years,< $40k,CURRENT,0,Apex Mortgage Servicing,2026-07-09,2026-08-20 17:44:07,VERIFIED,BlackKnight_MSP
LN-10084,BOR-20084,Personal_Installment,2022-03-11,2051-10-05,389963.19,310131.69,4.321,360,VT,Debt_Consolidation,A,12 years,$120k - $200k,DELINQUENT_120,120,Evergreen Capital Servicing,2026-07-10,2026-08-06 17:44:07,VERIFIED,LOS_Encompass
LN-10085,BOR-20085,VA_30Y,2022-09-06,2042-05-24,88347.37,77608.92,8.186,240,WY,Refinance_CashOut,B,10 years,$75k - $120k,DELINQUENT_120,120,Delta Servicing Co.,2026-08-10,2026-08-17 17:44:07,VERIFIED,Fiserv_Core
LN-10086,BOR-20086,Auto_Loan,2021-08-24,2051-03-20,400183.64,263451.31,7.386,360,IL,Home_Improvement,A+,14 years,< $40k,CURRENT,0,Citadel Loan Partners,2026-07-16,2026-07-29 17:44:07,VERIFIED,Spreadsheet_Manual_Upload
LN-10087,BOR-20087,Commercial_Mortgage,2022-10-18,2052-05-13,342385.77,311464.68,2.87,360,CO,Refinance_CashOut,E,15 years,$75k - $120k,DELINQUENT_30,30,Beacon Servicing Group,2026-07-25,2026-07-19 17:44:07,VERIFIED,Fiserv_Core
LN-10088,BOR-20088,Auto_Loan,2022-02-10,2036-11-23,659367.09,454283.03,4.024,180,WY,Refinance_CashOut,A,17 years,< $40k,CURRENT,0,Citadel Loan Partners,2026-07-30,2026-07-15 17:44:07,VERIFIED,Empower_Origination
LN-10089,BOR-20089,VA_30Y,2021-05-30,2036-03-12,229177.76,203802.13,3.629,180,VT,Purchase,A-,16 years,$120k - $200k,CURRENT,0,Delta Servicing Co.,2026-07-09,2026-07-20 17:44:07,VERIFIED,Spreadsheet_Manual_Upload
LN-10090,BOR-20090,ARM_5_1,2021-11-20,2051-06-16,155670.18,144166.12,5.293,360,WI,Refinance_RateTerm,E,2 years,$75k - $120k,CURRENT,0,Delta Servicing Co.,2026-08-19,2026-08-22 17:44:07,VERIFIED,BlackKnight_MSP
LN-10091,BOR-20091,Jumbo_30Y,2022-10-23,2037-08-05,654975.02,426157.74,6.286,180,AR,Home_Improvement,C,18 years,< $40k,CURRENT,0,Beacon Servicing Group,2026-08-01,2026-07-18 17:44:07,VERIFIED,Fiserv_Core
LN-10092,BOR-20092,Auto_Loan,2023-09-08,2038-06-21,93311.59,85265.74,7.92,180,MN,Purchase,D,6 years,< $40k,CURRENT,0,Delta Servicing Co.,2026-07-19,2026-07-23 17:44:07,VERIFIED,Spreadsheet_Manual_Upload
LN-10093,BOR-20093,FHA_30Y,2022-01-17,2041-10-04,692555.75,564020.31,7.203,240,MT,Debt_Consolidation,A+,11 years,< $40k,CURRENT,0,Delta Servicing Co.,2026-08-03,2026-08-09 17:44:07,VERIFIED,Spreadsheet_Manual_Upload
LN-10094,BOR-20094,FHA_30Y,2021-03-25,2040-12-10,457917.66,412354.88,4.761,240,ME,Home_Improvement,A-,3 years,$75k - $120k,CURRENT,0,Citadel Loan Partners,2026-06-30,2026-08-17 17:44:07,VERIFIED,Spreadsheet_Manual_Upload
LN-10095,BOR-20095,Conventional_15Y,2023-05-10,2020-01-15,346384.46,285199.17,4.835,360,VA,Refinance_CashOut,B-,16 years,$40k - $75k,CURRENT,0,Apex Mortgage Servicing,2026-08-03,2026-08-19 17:44:07,VERIFIED,Spreadsheet_Manual_Upload
LN-10096,BOR-20096,Auto_Loan,2023-06-24,2053-01-17,418572.14,300670.73,7.789,360,HI,Refinance_CashOut,E,13 years,$40k - $75k,CURRENT,0,Evergreen Capital Servicing,2026-07-01,2026-08-15 17:44:07,VERIFIED,Fiserv_Core
LN-10097,BOR-20097,Conventional_30Y,2022-01-09,2041-09-26,523454.05,453763.7,5.304,240,MD,Home_Improvement,B+,18 years,$40k - $75k,CURRENT,0,Delta Servicing Co.,2026-06-29,2026-08-13 17:44:07,VERIFIED,BlackKnight_MSP
LN-10098,BOR-20098,Personal_Installment,2023-02-27,2042-11-14,247240.21,201833.22,5.783,240,NJ,Refinance_CashOut,E,5 years,$75k - $120k,DELINQUENT_120,120,Citadel Loan Partners,2026-07-17,2026-08-19 17:44:07,VERIFIED,Spreadsheet_Manual_Upload
LN-10099,BOR-20099,Conventional_15Y,2021-03-27,2040-12-12,584181.78,499196.79,7.956,240,MI,Home_Improvement,A,8 years,$120k - $200k,CURRENT,0,Delta Servicing Co.,2026-08-18,2026-07-31 17:44:07,VERIFIED,Spreadsheet_Manual_Upload
LN-10100,BOR-20100,ARM_5_1,2022-01-31,2036-11-13,746167.75,610947.65,2.912,180,OH,Refinance_RateTerm,A-,5 years,< $40k,CURRENT,0,Beacon Servicing Group,2026-07-04,2026-07-26 17:44:07,VERIFIED,Fiserv_Core
LN-10101,BOR-20101,Conventional_30Y,2021-01-20,2035-11-03,229146.75,150724.23,5.906,180,ND,Debt_Consolidation,D,14 years,< $40k,CURRENT,0,Apex Mortgage Servicing,2026-08-18,2026-08-10 17:44:07,VERIFIED,Fiserv_Core
LN-10102,BOR-20102,Personal_Installment,2021-04-24,2036-02-05,635681.4,0.0,5.832,180,NH,Debt_Consolidation,E,8 years,$40k - $75k,PAID_OFF,0,Citadel Loan Partners,2026-08-06,2026-07-20 17:44:07,VERIFIED,Fiserv_Core
LN-10103,BOR-20103,FHA_30Y,2022-11-16,2052-06-11,109929.77,66933.04,3.139,360,MS,Debt_Consolidation,D,17 years,> $200k,DELINQUENT_120,120,Apex Mortgage Servicing,2026-07-12,2026-08-01 17:44:07,VERIFIED,BlackKnight_MSP
LN-10104,BOR-20104,Jumbo_30Y,2021-01-17,2050-08-13,299965.71,277874.48,4.136,360,RI,Purchase,E,11 years,$40k - $75k,DELINQUENT_90,90,Beacon Servicing Group,2026-06-29,2026-07-13 17:44:07,VERIFIED,Fiserv_Core
LN-10105,BOR-20105,Personal_Installment,2021-07-06,2051-01-30,618048.38,573496.25,7.213,360,UT,Purchase,B,7 years,< $40k,CURRENT,0,Citadel Loan Partners,2026-08-02,2026-07-24 17:44:07,VERIFIED,Fiserv_Core
LN-10106,BOR-20106,Auto_Loan,2021-09-17,2041-06-04,75634.54,54728.01,4.395,240,WY,Purchase,B-,9 years,< $40k,CURRENT,0,Delta Servicing Co.,2026-07-05,2026-07-28 17:44:07,VERIFIED,Fiserv_Core
LN-10107,BOR-20107,ARM_5_1,2022-05-24,2037-03-06,534447.94,439010.81,7.334,180,MO,Purchase,C+,3 years,$120k - $200k,CURRENT,0,Evergreen Capital Servicing,2026-08-03,2026-08-05 17:44:07,VERIFIED,LOS_Encompass
LN-10108,BOR-20108,Conventional_15Y,2022-11-08,2042-07-26,256947.96,203998.56,6.877,240,NJ,Home_Improvement,B-,15 years,< $40k,CURRENT,0,Evergreen Capital Servicing,2026-07-25,2026-08-08 17:44:07,VERIFIED,LOS_Encompass
LN-10109,BOR-20109,Conventional_15Y,2022-10-15,2052-05-10,334347.16,257587.7,7.062,360,NJ,Purchase,A-,15 years,< $40k,CURRENT,0,Citadel Loan Partners,2026-07-29,2026-08-01 17:44:07,VERIFIED,Spreadsheet_Manual_Upload
LN-10110,BOR-20110,Conventional_30Y,2021-06-07,2051-01-01,-150000.0,324615.89,4.889,360,VT,Purchase,E,5 years,> $200k,CURRENT,0,Citadel Loan Partners,2026-08-06,2026-08-18 17:44:07,VERIFIED,LOS_Encompass
LN-10111,BOR-20111,FHA_30Y,2022-06-15,2042-03-02,320891.17,241764.08,4.255,240,IN,Home_Improvement,B+,10 years,$120k - $200k,CURRENT,0,Apex Mortgage Servicing,2026-07-24,2026-08-14 17:44:07,VERIFIED,Fiserv_Core
LN-10112,BOR-20112,Conventional_15Y,2023-09-18,2053-04-13,641864.85,537975.35,4.748,360,IL,Debt_Consolidation,D,10 years,$75k - $120k,CURRENT,0,Beacon Servicing Group,2026-07-02,2026-08-02 17:44:07,VERIFIED,Spreadsheet_Manual_Upload
LN-10113,BOR-20113,VA_30Y,2021-07-25,2036-05-07,604445.97,524140.69,5.591,180,AL,Debt_Consolidation,E,12 years,$120k - $200k,CURRENT,0,Evergreen Capital Servicing,2026-08-16,2026-08-21 17:44:07,VERIFIED,BlackKnight_MSP
LN-10114,BOR-20114,Commercial_Mortgage,2023-01-07,2052-08-02,385065.58,310448.23,5.104,360,NE,Purchase,A-,11 years,< $40k,CURRENT,0,Citadel Loan Partners,2026-08-13,2026-07-21 17:44:07,VERIFIED,Spreadsheet_Manual_Upload
LN-10115,BOR-20115,FHA_30Y,2022-03-20,2036-12-31,402004.65,259745.63,7.53,180,MS,Refinance_CashOut,B,6 years,$40k - $75k,CURRENT,0,Citadel Loan Partners,2026-07-19,2026-08-07 17:44:07,VERIFIED,LOS_Encompass
LN-10116,BOR-20116,Jumbo_30Y,2022-10-13,2037-07-26,719446.14,614365.38,6.344,180,HI,Debt_Consolidation,A,17 years,$40k - $75k,CURRENT,0,Beacon Servicing Group,2026-07-10,2026-07-17 17:44:07,VERIFIED,Spreadsheet_Manual_Upload
LN-10117,BOR-20117,ARM_5_1,2021-02-12,2050-09-08,627665.39,590048.95,3.011,360,ME,Debt_Consolidation,B,7 years,> $200k,CURRENT,0,Delta Servicing Co.,2026-07-12,2026-07-22 17:44:07,VERIFIED,BlackKnight_MSP
LN-10118,BOR-20118,Jumbo_30Y,2021-09-08,2041-05-26,613281.71,435585.3,4.46,240,IL,Purchase,A-,15 years,$120k - $200k,CURRENT,0,Evergreen Capital Servicing,2026-08-12,2026-08-05 17:44:07,VERIFIED,BlackKnight_MSP
LN-10119,BOR-20119,ARM_5_1,2021-05-14,2041-01-29,582465.5,448356.87,3.361,240,TN,Home_Improvement,A,9 years,$120k - $200k,CURRENT,0,Citadel Loan Partners,2026-07-28,2026-07-17 17:44:07,VERIFIED,Fiserv_Core
LN-10120,BOR-20120,VA_30Y,2023-04-14,2038-01-25,279205.07,208792.21,4.548,180,VT,Refinance_CashOut,C,17 years,$120k - $200k,CURRENT,0,Apex Mortgage Servicing,2026-08-16,2026-07-31 17:44:07,VERIFIED,Spreadsheet_Manual_Upload
LN-10121,BOR-20121,Personal_Installment,2021-08-09,2036-05-22,458340.88,427618.13,4.368,180,WV,Home_Improvement,B,18 years,< $40k,CURRENT,0,Citadel Loan Partners,2026-07-06,2026-08-02 17:44:07,VERIFIED,Fiserv_Core
LN-10122,BOR-20122,ARM_5_1,2022-02-15,2036-11-28,85810.38,64646.46,4.835,180,MD,Purchase,C+,17 years,$120k - $200k,CURRENT,0,Evergreen Capital Servicing,2026-07-09,2026-07-17 17:44:07,VERIFIED,LOS_Encompass
LN-10123,BOR-20123,FHA_30Y,2022-02-08,2036-11-21,311238.84,188182.57,5.958,180,AL,Refinance_CashOut,B+,17 years,$120k - $200k,CURRENT,0,Beacon Servicing Group,2026-07-07,2026-08-04 17:44:07,VERIFIED,Fiserv_Core
LN-10124,BOR-20124,Auto_Loan,2021-06-02,2041-02-17,474382.37,365071.86,4.636,240,HI,Refinance_RateTerm,A-,13 years,> $200k,CURRENT,0,Citadel Loan Partners,2026-07-20,2026-07-24 17:44:07,VERIFIED,Spreadsheet_Manual_Upload
LN-10125,BOR-20125,Personal_Installment,2022-07-31,2052-02-24,250000.0,345000.0,4.868,360,MT,Purchase,C+,10 years,< $40k,CURRENT,0,Evergreen Capital Servicing,2026-07-16,2026-08-11 17:44:07,VERIFIED,LOS_Encompass
LN-10126,BOR-20126,Personal_Installment,2022-06-21,2037-04-03,490317.67,359448.19,7.587,180,MI,Refinance_CashOut,A+,4 years,$40k - $75k,DELINQUENT_90,90,Delta Servicing Co.,2026-08-12,2026-07-30 17:44:07,VERIFIED,Empower_Origination
LN-10127,BOR-20127,Commercial_Mortgage,2023-03-05,2052-09-28,478034.64,375227.6,7.628,360,ND,Purchase,A-,17 years,$40k - $75k,CURRENT,0,Delta Servicing Co.,2026-07-19,2026-08-01 17:44:07,VERIFIED,BlackKnight_MSP
LN-10128,BOR-20128,FHA_30Y,2023-07-24,2043-04-10,423188.95,321117.63,6.636,240,ND,Refinance_RateTerm,E,16 years,$40k - $75k,CURRENT,0,Citadel Loan Partners,2026-08-07,2026-08-06 17:44:07,VERIFIED,BlackKnight_MSP
LN-10129,BOR-20129,VA_30Y,2022-12-23,2052-07-18,392302.16,306807.28,5.973,360,ND,Refinance_RateTerm,B,4 years,> $200k,CURRENT,0,Delta Servicing Co.,2026-06-30,2026-08-03 17:44:07,VERIFIED,Empower_Origination
LN-10130,BOR-20130,Jumbo_30Y,2021-10-22,2036-08-04,718719.6,662903.62,8.063,180,ME,Refinance_RateTerm,C,7 years,$40k - $75k,CURRENT,0,Evergreen Capital Servicing,2026-07-08,2026-08-08 17:44:07,VERIFIED,Empower_Origination
LN-10131,BOR-20131,Conventional_15Y,2023-01-29,2052-08-24,460781.35,398640.23,6.602,360,MS,Refinance_CashOut,B+,2 years,< $40k,CURRENT,0,Apex Mortgage Servicing,2026-07-09,2026-08-17 17:44:07,VERIFIED,LOS_Encompass
LN-10132,BOR-20132,Auto_Loan,2022-02-21,2036-12-04,507024.96,325395.13,5.485,180,ME,Refinance_CashOut,B,11 years,$75k - $120k,CURRENT,0,Apex Mortgage Servicing,2026-07-11,2026-07-20 17:44:07,VERIFIED,Empower_Origination
LN-10133,BOR-20133,Auto_Loan,2023-01-11,2052-08-06,645233.17,604548.39,8.048,360,OR,Refinance_CashOut,A+,13 years,$120k - $200k,CURRENT,0,Citadel Loan Partners,2026-08-19,2026-08-25 17:44:07,VERIFIED,BlackKnight_MSP
LN-10134,BOR-20134,Conventional_15Y,2021-10-19,2041-07-06,368044.35,267031.14,5.765,240,NC,Debt_Consolidation,C,9 years,$40k - $75k,CURRENT,0,Delta Servicing Co.,2026-07-11,2026-08-09 17:44:07,VERIFIED,Empower_Origination
LN-10135,BOR-20135,Conventional_30Y,2021-12-12,2051-07-08,603537.37,453423.49,7.104,360,VA,Debt_Consolidation,C+,14 years,> $200k,CURRENT,0,Apex Mortgage Servicing,2026-08-10,2026-08-17 17:44:07,VERIFIED,Fiserv_Core
LN-10136,BOR-20136,ARM_5_1,2021-01-07,2035-10-21,232549.69,201752.57,7.084,180,MN,Refinance_RateTerm,E,1 years,$75k - $120k,CURRENT,0,Apex Mortgage Servicing,2026-07-10,2026-08-18 17:44:07,VERIFIED,Fiserv_Core
LN-10137,BOR-20137,Jumbo_30Y,2022-02-20,2036-12-03,530251.53,332421.52,7.855,180,WY,Refinance_RateTerm,A,10 years,$75k - $120k,CURRENT,0,Beacon Servicing Group,2026-07-22,2026-08-16 17:44:07,VERIFIED,Fiserv_Core
LN-10138,BOR-20138,ARM_5_1,2022-12-20,2042-09-06,434464.16,341145.68,5.841,240,RI,Refinance_CashOut,B+,3 years,> $200k,CURRENT,0,Apex Mortgage Servicing,2026-07-16,2026-08-18 17:44:07,VERIFIED,LOS_Encompass
LN-10139,BOR-20139,Auto_Loan,2021-07-27,2051-02-20,450891.17,404698.12,4.637,360,MS,Home_Improvement,A,7 years,> $200k,CURRENT,0,Delta Servicing Co.,2026-07-01,2026-08-22 17:44:07,VERIFIED,Fiserv_Core
LN-10140,BOR-20140,FHA_30Y,2022-03-02,2051-09-26,369758.93,343798.94,48.5,360,WI,Purchase,C+,9 years,< $40k,CURRENT,0,Apex Mortgage Servicing,2026-07-25,2026-08-03 17:44:07,VERIFIED,LOS_Encompass
LN-10141,BOR-20141,Auto_Loan,2023-08-16,2038-05-29,675952.91,408851.44,5.464,180,MD,Home_Improvement,A-,5 years,$120k - $200k,CURRENT,0,Delta Servicing Co.,2026-06-27,2026-08-01 17:44:07,VERIFIED,Fiserv_Core
LN-10142,BOR-20142,Conventional_15Y,2023-09-15,2053-04-10,513254.78,390712.59,6.508,360,SC,Purchase,A-,18 years,$120k - $200k,CURRENT,0,Beacon Servicing Group,2026-06-29,2026-08-25 17:44:07,VERIFIED,LOS_Encompass
LN-10143,BOR-20143,Jumbo_30Y,2022-11-21,2042-08-08,553365.78,443553.21,4.931,240,MA,Refinance_CashOut,C,12 years,$40k - $75k,CURRENT,0,Apex Mortgage Servicing,2026-08-19,2026-07-14 17:44:07,VERIFIED,Fiserv_Core
LN-10144,BOR-20144,Conventional_30Y,2021-07-31,2036-05-13,97103.63,72062.5,5.317,180,MT,Purchase,B+,2 years,$120k - $200k,CURRENT,0,Apex Mortgage Servicing,2026-08-13,2026-07-24 17:44:07,VERIFIED,BlackKnight_MSP
LN-10145,BOR-20145,VA_30Y,2022-08-13,2052-03-08,273232.59,202391.25,6.617,360,CO,Refinance_CashOut,B,5 years,> $200k,CURRENT,0,Apex Mortgage Servicing,2026-07-17,2026-07-19 17:44:07,VERIFIED,Empower_Origination
LN-10146,BOR-20146,Commercial_Mortgage,2022-05-23,2051-12-17,82818.87,68694.51,6.449,360,LA,Debt_Consolidation,B-,14 years,$120k - $200k,CURRENT,0,Evergreen Capital Servicing,2026-07-22,2026-08-10 17:44:07,VERIFIED,Empower_Origination
LN-10147,BOR-20147,Jumbo_30Y,2021-05-28,2050-12-22,614043.31,386749.4,5.984,360,OR,Debt_Consolidation,D,5 years,$120k - $200k,CURRENT,0,Apex Mortgage Servicing,2026-07-24,2026-08-02 17:44:07,VERIFIED,LOS_Encompass
LN-10148,BOR-20148,Auto_Loan,2023-04-30,2052-11-23,183337.13,156943.63,6.624,360,WV,Purchase,A,7 years,> $200k,CURRENT,0,Delta Servicing Co.,2026-08-08,2026-08-04 17:44:07,VERIFIED,BlackKnight_MSP
LN-10149,BOR-20149,Conventional_30Y,2023-08-18,2038-05-31,183016.59,126369.97,7.045,180,VT,Home_Improvement,B+,7 years,$120k - $200k,CURRENT,0,Citadel Loan Partners,2026-07-28,2026-07-27 17:44:07,VERIFIED,Spreadsheet_Manual_Upload
,BOR-20150,ARM_5_1,2021-09-25,2041-06-12,301751.23,193427.31,5.43,240,ND,Home_Improvement,B-,7 years,$75k - $120k,CURRENT,0,Beacon Servicing Group,2026-07-05,2026-08-16 17:44:07,VERIFIED,LOS_Encompass
LN-10151,BOR-20151,Jumbo_30Y,2023-08-16,2053-03-11,458822.33,320256.07,4.447,360,WA,Refinance_RateTerm,B+,13 years,> $200k,CURRENT,0,Citadel Loan Partners,2026-08-05,2026-07-25 17:44:07,VERIFIED,Fiserv_Core
LN-10152,BOR-20152,Personal_Installment,2023-01-21,2037-11-03,606482.86,540228.85,6.892,180,NV,Refinance_CashOut,D,2 years,> $200k,DELINQUENT_30,30,Apex Mortgage Servicing,2026-07-04,2026-08-25 17:44:07,VERIFIED,Fiserv_Core
LN-10153,BOR-20153,FHA_30Y,2021-08-25,2051-03-21,97577.56,87540.7,4.008,360,UT,Refinance_RateTerm,A+,16 years,$120k - $200k,DELINQUENT_120,120,Apex Mortgage Servicing,2026-08-20,2026-07-23 17:44:07,VERIFIED,BlackKnight_MSP
LN-10154,BOR-20154,Auto_Loan,2021-01-18,2040-10-05,401551.22,283394.5,5.226,240,VA,Purchase,A,17 years,$40k - $75k,CURRENT,0,Citadel Loan Partners,2026-06-30,2026-08-03 17:44:07,VERIFIED,BlackKnight_MSP
LN-10155,BOR-20155,Commercial_Mortgage,2022-01-18,2036-10-31,721508.46,569523.27,4.148,180,DE,Refinance_CashOut,B,3 years,< $40k,DELINQUENT_120,120,Delta Servicing Co.,2026-07-17,2026-07-26 17:44:07,VERIFIED,LOS_Encompass
LN-10156,BOR-20156,Conventional_30Y,2021-06-25,2051-01-19,107880.29,70568.23,6.458,360,MN,Debt_Consolidation,A,17 years,< $40k,CURRENT,0,Evergreen Capital Servicing,2026-07-22,2026-08-08 17:44:07,VERIFIED,LOS_Encompass
LN-10157,BOR-20157,Conventional_15Y,2023-08-06,2053-03-01,246261.11,187143.48,6.534,360,VA,Refinance_RateTerm,A+,7 years,> $200k,CURRENT,0,Delta Servicing Co.,2026-08-17,2026-08-06 17:44:07,VERIFIED,Empower_Origination
LN-10158,BOR-20158,VA_30Y,2023-05-05,2052-11-28,644609.7,459631.06,5.858,360,LA,Refinance_CashOut,A,17 years,$75k - $120k,DELINQUENT_120,120,Beacon Servicing Group,2026-06-29,2026-08-21 17:44:07,VERIFIED,BlackKnight_MSP
LN-10159,BOR-20159,Commercial_Mortgage,2021-01-31,2040-10-18,493886.06,333747.53,5.341,240,MA,Refinance_RateTerm,D,13 years,$120k - $200k,CURRENT,0,Delta Servicing Co.,2026-08-16,2026-07-17 17:44:07,VERIFIED,BlackKnight_MSP
LN-10160,BOR-20160,VA_30Y,2021-03-17,2050-10-11,107426.61,96256.68,6.842,360,NH,Refinance_CashOut,C+,11 years,$75k - $120k,DELINQUENT_30,30,Citadel Loan Partners,2026-07-24,2026-08-02 17:44:07,VERIFIED,BlackKnight_MSP
LN-10161,BOR-20161,Conventional_15Y,2021-03-31,2036-01-12,181174.25,143653.92,5.94,180,OR,Purchase,A+,3 years,$75k - $120k,CURRENT,0,Citadel Loan Partners,2026-06-27,2026-08-01 17:44:07,VERIFIED,LOS_Encompass
LN-10162,BOR-20162,Jumbo_30Y,2022-02-02,2041-10-20,595418.37,414592.58,5.967,240,TN,Debt_Consolidation,D,6 years,$120k - $200k,CURRENT,0,Citadel Loan Partners,2026-07-21,2026-08-16 17:44:07,VERIFIED,LOS_Encompass
LN-10163,BOR-20163,FHA_30Y,2021-10-10,2041-06-27,344771.64,269100.83,3.192,240,IN,Refinance_CashOut,C,7 years,$120k - $200k,DELINQUENT_90,90,Apex Mortgage Servicing,2026-07-27,2026-08-04 17:44:07,VERIFIED,Spreadsheet_Manual_Upload
LN-10164,BOR-20164,Commercial_Mortgage,2022-03-27,2041-12-12,284315.36,188951.32,7.692,240,WV,Refinance_CashOut,B,11 years,> $200k,CURRENT,0,Citadel Loan Partners,2026-08-10,2026-07-31 17:44:07,VERIFIED,BlackKnight_MSP
LN-10165,BOR-20165,Jumbo_30Y,2022-12-13,2052-07-08,493031.72,301381.87,7.246,360,CO,Home_Improvement,B,13 years,$75k - $120k,CURRENT,90,Evergreen Capital Servicing,2026-07-18,2026-08-14 17:44:07,VERIFIED,Spreadsheet_Manual_Upload
LN-10166,BOR-20166,Conventional_30Y,2022-04-18,2051-11-12,710082.44,622474.64,7.337,360,DE,Purchase,C+,16 years,$40k - $75k,CURRENT,0,Beacon Servicing Group,2026-07-07,2026-07-29 17:44:07,VERIFIED,Fiserv_Core
LN-10167,BOR-20167,Conventional_15Y,2022-09-05,2042-05-23,385464.29,312117.46,5.663,240,DE,Home_Improvement,D,2 years,$75k - $120k,CURRENT,0,Evergreen Capital Servicing,2026-07-12,2026-08-20 17:44:07,VERIFIED,LOS_Encompass
LN-10168,BOR-20168,VA_30Y,2022-11-12,2052-06-07,298506.17,215984.16,3.005,360,ME,Home_Improvement,B-,14 years,< $40k,DELINQUENT_90,90,Beacon Servicing Group,2026-07-20,2026-07-23 17:44:07,VERIFIED,Spreadsheet_Manual_Upload
LN-10169,BOR-20169,VA_30Y,2022-01-19,2041-10-06,323793.92,220076.32,6.134,240,AR,Refinance_CashOut,B-,1 years,$120k - $200k,DELINQUENT_120,120,Apex Mortgage Servicing,2026-08-14,2026-08-16 17:44:07,VERIFIED,BlackKnight_MSP
LN-10170,BOR-20170,Jumbo_30Y,2022-04-12,2041-12-28,598989.0,459789.83,4.753,240,OH,Home_Improvement,C,11 years,< $40k,CURRENT,0,Apex Mortgage Servicing,2026-08-20,2026-08-04 17:44:07,VERIFIED,LOS_Encompass
LN-10171,BOR-20171,FHA_30Y,2021-09-07,2051-04-03,411195.73,311205.84,4.653,360,OK,Home_Improvement,B+,13 years,$40k - $75k,CURRENT,0,Delta Servicing Co.,2026-08-20,2026-07-17 17:44:07,VERIFIED,Empower_Origination
LN-10172,BOR-20172,Personal_Installment,2022-03-16,2051-10-10,322185.05,226606.45,3.933,360,VT,Purchase,E,4 years,> $200k,CURRENT,0,Delta Servicing Co.,2026-08-14,2026-08-09 17:44:07,VERIFIED,Fiserv_Core
LN-10173,BOR-20173,Auto_Loan,2021-11-17,2051-06-13,467879.58,344379.05,6.125,360,SC,Refinance_RateTerm,C,6 years,$75k - $120k,CURRENT,0,Beacon Servicing Group,2026-08-01,2026-08-18 17:44:07,VERIFIED,Empower_Origination
LN-10174,BOR-20174,Jumbo_30Y,2021-07-07,2036-04-19,311314.25,280346.11,4.984,180,WV,Refinance_CashOut,E,13 years,$120k - $200k,CURRENT,0,Beacon Servicing Group,2026-07-17,2026-08-15 17:44:07,VERIFIED,Fiserv_Core
LN-10175,BOR-20175,Jumbo_30Y,2021-07-11,2036-04-23,270206.01,214043.6,3.058,180,SC,Purchase,C,5 years,$40k - $75k,CURRENT,0,Evergreen Capital Servicing,2026-07-11,2026-07-25 17:44:07,VERIFIED,Fiserv_Core
LN-10176,BOR-20176,Personal_Installment,2022-12-29,2042-09-15,637924.26,496914.4,3.225,240,TX,Refinance_CashOut,B,2 years,$75k - $120k,CURRENT,0,Delta Servicing Co.,2026-07-16,2026-07-25 17:44:07,VERIFIED,Spreadsheet_Manual_Upload
LN-10177,BOR-20177,Auto_Loan,2022-08-10,2037-05-23,129944.66,88194.8,7.484,180,AL,Debt_Consolidation,A+,15 years,> $200k,CURRENT,0,Beacon Servicing Group,2026-08-02,2026-08-23 17:44:07,VERIFIED,Fiserv_Core
LN-10178,BOR-20178,Jumbo_30Y,2023-06-02,2043-02-17,621710.01,495083.56,8.465,240,WY,Refinance_CashOut,B+,12 years,> $200k,CURRENT,0,Beacon Servicing Group,2026-07-02,2026-08-12 17:44:07,VERIFIED,Empower_Origination
LN-10179,BOR-20179,Conventional_30Y,2021-12-26,2051-07-22,422596.56,313186.23,3.718,360,SD,Refinance_RateTerm,B,9 years,> $200k,CURRENT,0,Apex Mortgage Servicing,2026-08-13,2026-07-30 17:44:07,VERIFIED,LOS_Encompass
LN-10180,BOR-20180,Jumbo_30Y,2021-05-10,2050-12-04,540998.57,488823.69,3.591,360,CO,Refinance_CashOut,C+,16 years,$40k - $75k,CURRENT,0,Delta Servicing Co.,2026-07-28,2026-07-28 17:44:07,MISSING,LOS_Encompass
LN-10181,BOR-20181,Conventional_15Y,2022-06-12,2042-02-27,574861.67,406343.12,7.795,240,UT,Home_Improvement,B-,1 years,< $40k,CURRENT,0,Citadel Loan Partners,2026-06-28,2026-08-21 17:44:07,VERIFIED,Spreadsheet_Manual_Upload
LN-10182,BOR-20182,Commercial_Mortgage,2023-09-19,2038-07-02,350750.17,307205.23,4.294,180,MD,Refinance_RateTerm,D,5 years,> $200k,CURRENT,0,Apex Mortgage Servicing,2026-08-19,2026-08-19 17:44:07,VERIFIED,Fiserv_Core
LN-10183,BOR-20183,Conventional_30Y,2023-08-10,2038-05-23,650356.12,517390.76,2.754,180,OK,Refinance_CashOut,A-,10 years,$40k - $75k,CURRENT,0,Apex Mortgage Servicing,2026-07-11,2026-08-02 17:44:07,VERIFIED,BlackKnight_MSP
LN-10184,BOR-20184,Conventional_15Y,2022-11-12,2042-07-30,682660.19,608978.1,5.029,240,WI,Refinance_CashOut,C+,3 years,< $40k,DELINQUENT_120,120,Apex Mortgage Servicing,2026-08-13,2026-07-19 17:44:07,VERIFIED,Empower_Origination
LN-10185,BOR-20185,Auto_Loan,2022-04-01,2051-10-26,56500.86,39920.17,7.448,360,OK,Refinance_CashOut,C,3 years,$40k - $75k,CURRENT,0,Apex Mortgage Servicing,2026-08-15,2026-08-05 17:44:07,VERIFIED,BlackKnight_MSP
LN-10186,BOR-20186,Jumbo_30Y,2022-01-27,2036-11-09,591422.34,405949.2,3.516,180,MT,Refinance_CashOut,A,17 years,> $200k,DELINQUENT_60,60,Delta Servicing Co.,2026-07-30,2026-08-12 17:44:07,VERIFIED,Empower_Origination
LN-10187,BOR-20187,Commercial_Mortgage,2022-12-05,2052-06-30,359668.71,314337.63,7.905,360,NC,Purchase,E,13 years,$75k - $120k,CURRENT,0,Beacon Servicing Group,2026-08-06,2026-08-08 17:44:07,VERIFIED,LOS_Encompass
LN-10188,BOR-20188,VA_30Y,2022-09-08,2052-04-03,470005.51,346555.0,7.229,360,DE,Purchase,B,7 years,> $200k,CURRENT,0,Delta Servicing Co.,2026-08-03,2026-07-15 17:44:07,VERIFIED,LOS_Encompass
LN-10189,BOR-20189,VA_30Y,2022-01-31,2041-10-18,128920.56,99932.27,6.165,240,MS,Purchase,B-,11 years,$40k - $75k,CURRENT,0,Delta Servicing Co.,2026-07-29,2026-07-22 17:44:07,VERIFIED,Empower_Origination
LN-10190,BOR-20190,Personal_Installment,2021-01-18,2029-99-99,461154.45,435870.41,3.991,180,FL,Home_Improvement,D,10 years,> $200k,CURRENT,0,Delta Servicing Co.,2026-08-16,2026-07-16 17:44:07,VERIFIED,Spreadsheet_Manual_Upload
LN-10191,BOR-20191,Auto_Loan,2021-06-06,2050-12-31,244227.42,205525.33,5.69,360,AZ,Refinance_CashOut,D,11 years,$120k - $200k,CURRENT,0,Apex Mortgage Servicing,2026-08-02,2026-07-12 17:44:07,VERIFIED,Fiserv_Core
LN-10192,BOR-20192,VA_30Y,2021-09-08,2036-06-21,110348.96,88050.83,5.357,180,WV,Purchase,B,6 years,< $40k,DELINQUENT_60,60,Apex Mortgage Servicing,2026-08-11,2026-07-25 17:44:07,VERIFIED,BlackKnight_MSP
LN-10193,BOR-20193,Auto_Loan,2023-03-13,2052-10-06,625754.81,537688.31,4.888,360,AK,Refinance_RateTerm,A,1 years,$75k - $120k,CURRENT,0,Apex Mortgage Servicing,2026-08-05,2026-07-20 17:44:07,VERIFIED,LOS_Encompass
LN-10194,BOR-20194,Personal_Installment,2022-06-08,2042-02-23,302086.73,234158.45,6.01,240,AL,Refinance_CashOut,B,4 years,> $200k,CURRENT,0,Evergreen Capital Servicing,2026-08-21,2026-08-23 17:44:07,VERIFIED,LOS_Encompass
LN-10195,BOR-20195,VA_30Y,2022-04-29,2037-02-09,304783.55,191379.9,3.779,180,NY,Debt_Consolidation,C+,8 years,$75k - $120k,CURRENT,0,Citadel Loan Partners,2026-08-04,2026-08-21 17:44:07,VERIFIED,Spreadsheet_Manual_Upload
LN-10196,BOR-20196,ARM_5_1,2022-05-30,2037-03-12,521328.0,485650.79,4.033,180,MS,Purchase,C+,3 years,$120k - $200k,CURRENT,0,Citadel Loan Partners,2026-08-01,2026-08-20 17:44:07,VERIFIED,Spreadsheet_Manual_Upload
LN-10197,BOR-20197,Personal_Installment,2022-01-13,2036-10-26,190469.81,143360.46,4.497,180,HI,Refinance_CashOut,C,12 years,> $200k,CURRENT,0,Beacon Servicing Group,2026-07-06,2026-07-22 17:44:07,VERIFIED,Empower_Origination
LN-10198,BOR-20198,FHA_30Y,2023-08-13,2038-05-26,337025.28,292689.87,4.742,180,DE,Purchase,B-,1 years,$120k - $200k,CURRENT,0,Apex Mortgage Servicing,2026-08-08,2026-07-23 17:44:07,VERIFIED,Empower_Origination
LN-10199,BOR-20199,Commercial_Mortgage,2023-09-12,2043-05-30,91926.55,55253.76,6.842,240,PA,Purchase,B+,17 years,$120k - $200k,CURRENT,0,Apex Mortgage Servicing,2026-07-15,2026-08-19 17:44:07,VERIFIED,Spreadsheet_Manual_Upload
LN-10200,BOR-20200,FHA_30Y,2023-04-20,2052-11-13,326045.9,242198.79,3.108,360,RI,Refinance_CashOut,B+,10 years,$75k - $120k,CURRENT,0,Delta Servicing Co.,2026-07-08,2026-08-05 17:44:07,VERIFIED,BlackKnight_MSP
LN-10201,BOR-20201,Personal_Installment,2021-08-28,2041-05-15,102281.21,89910.36,7.235,240,ID,Purchase,A-,4 years,$40k - $75k,CURRENT,0,Apex Mortgage Servicing,2026-07-18,2026-08-03 17:44:07,VERIFIED,Empower_Origination
LN-10202,BOR-20202,Personal_Installment,2022-04-20,2042-01-05,235505.55,213846.16,3.656,240,MT,Refinance_RateTerm,E,2 years,$40k - $75k,CURRENT,0,Apex Mortgage Servicing,2026-07-07,2026-08-10 17:44:07,VERIFIED,BlackKnight_MSP
LN-10203,BOR-20203,Commercial_Mortgage,2021-02-20,2050-09-16,524028.36,450109.77,8.446,360,TX,Home_Improvement,C,18 years,> $200k,CURRENT,0,Beacon Servicing Group,2026-08-14,2026-08-25 17:44:07,VERIFIED,LOS_Encompass
LN-10204,BOR-20204,VA_30Y,2021-07-22,2036-05-04,626571.39,513610.65,6.374,180,ME,Purchase,E,9 years,< $40k,DELINQUENT_30,30,Beacon Servicing Group,2026-07-11,2026-07-28 17:44:07,VERIFIED,Empower_Origination
LN-10205,BOR-20205,Conventional_15Y,2021-05-06,2041-01-21,79887.42,63003.36,3.716,240,NE,Home_Improvement,C+,16 years,< $40k,CURRENT,0,Citadel Loan Partners,2026-08-08,2026-08-14 17:44:07,VERIFIED,BlackKnight_MSP
LN-10206,BOR-20206,Jumbo_30Y,2023-06-24,2043-03-11,154041.99,113230.52,6.298,240,ME,Refinance_RateTerm,C,14 years,> $200k,CURRENT,0,Delta Servicing Co.,2026-08-13,2026-07-30 17:44:07,VERIFIED,Empower_Origination
LN-10207,BOR-20207,Auto_Loan,2022-10-08,2037-07-21,745861.09,566645.71,2.862,180,LA,Refinance_RateTerm,C,18 years,$120k - $200k,CURRENT,0,Citadel Loan Partners,2026-07-28,2026-08-08 17:44:07,VERIFIED,Empower_Origination
LN-10208,BOR-20208,Conventional_30Y,2022-09-04,2042-05-22,203314.13,129405.85,7.227,240,FL,Home_Improvement,D,12 years,> $200k,CURRENT,0,Apex Mortgage Servicing,2026-08-06,2026-07-14 17:44:07,VERIFIED,Empower_Origination
LN-10209,BOR-20209,Jumbo_30Y,2023-04-16,2052-11-09,603866.05,417892.79,7.143,360,MA,Debt_Consolidation,C+,12 years,$40k - $75k,CURRENT,0,Citadel Loan Partners,2026-07-15,2026-08-24 17:44:07,VERIFIED,BlackKnight_MSP
LN-10210,BOR-20210,FHA_30Y,2023-08-30,2053-03-25,181763.57,109821.15,7.819,360,NV,Debt_Consolidation,B,6 years,$120k - $200k,DELINQUENT_30,30,Beacon Servicing Group,2026-07-14,2023-01-10 09:15:00,VERIFIED,LOS_Encompass
LN-10211,BOR-20211,Auto_Loan,2021-01-01,2040-09-18,282213.8,207442.05,7.387,240,MN,Refinance_CashOut,B-,2 years,< $40k,CURRENT,0,Beacon Servicing Group,2026-07-03,2026-08-18 17:44:07,VERIFIED,Spreadsheet_Manual_Upload
LN-10212,BOR-20212,ARM_5_1,2022-01-18,2036-10-31,543176.61,390137.23,6.12,180,MN,Refinance_RateTerm,B-,5 years,$40k - $75k,CURRENT,0,Delta Servicing Co.,2026-07-11,2026-08-05 17:44:07,VERIFIED,Empower_Origination
LN-10213,BOR-20213,Auto_Loan,2023-06-30,2053-01-23,700191.65,472316.29,4.034,360,ID,Refinance_CashOut,C+,10 years,$75k - $120k,CURRENT,0,Evergreen Capital Servicing,2026-07-27,2026-07-20 17:44:07,VERIFIED,LOS_Encompass
LN-10214,BOR-20214,FHA_30Y,2021-11-22,2051-06-18,694726.75,424730.86,4.02,360,NE,Purchase,C,5 years,$75k - $120k,CURRENT,0,Citadel Loan Partners,2026-08-11,2026-07-16 17:44:07,VERIFIED,LOS_Encompass
LN-10215,BOR-20215,ARM_5_1,2021-01-12,2040-09-29,235648.71,203284.88,3.14,240,IN,Purchase,A+,2 years,$120k - $200k,CURRENT,0,Beacon Servicing Group,2026-07-26,2026-07-25 17:44:07,VERIFIED,Fiserv_Core
LN-10216,BOR-20216,ARM_5_1,2022-01-20,2051-08-16,120999.99,0.0,7.718,360,ME,Refinance_CashOut,A-,15 years,< $40k,PAID_OFF,0,Apex Mortgage Servicing,2026-08-01,2026-08-09 17:44:07,VERIFIED,LOS_Encompass
LN-10217,BOR-20217,Conventional_15Y,2021-06-24,2041-03-11,671551.89,600154.79,3.181,240,PA,Refinance_RateTerm,E,16 years,< $40k,CURRENT,0,Evergreen Capital Servicing,2026-07-25,2026-08-15 17:44:07,VERIFIED,LOS_Encompass
LN-10218,BOR-20218,Conventional_15Y,2021-07-30,2041-04-16,732078.89,590606.14,5.936,240,ND,Debt_Consolidation,B,10 years,$75k - $120k,CURRENT,0,Evergreen Capital Servicing,2026-07-17,2026-07-25 17:44:07,VERIFIED,Empower_Origination
LN-10219,BOR-20219,Conventional_30Y,2021-01-04,2040-09-21,349324.17,295845.33,6.557,240,WV,Home_Improvement,B+,4 years,< $40k,CURRENT,0,Apex Mortgage Servicing,2026-07-22,2026-08-18 17:44:07,VERIFIED,BlackKnight_MSP
LN-10220,BOR-20220,Commercial_Mortgage,2022-05-16,2042-01-31,676414.24,579855.07,6.441,240,LA,Refinance_CashOut,B-,13 years,$75k - $120k,CURRENT,0,Delta Servicing Co.,2026-07-23,2026-08-09 17:44:07,VERIFIED,Empower_Origination
LN-10221,BOR-20221,Jumbo_30Y,2021-03-05,2050-09-29,155791.47,110025.41,3.306,360,RI,Refinance_RateTerm,D,14 years,> $200k,CURRENT,0,Delta Servicing Co.,2026-06-30,2026-07-23 17:44:07,VERIFIED,Fiserv_Core
LN-10222,BOR-20222,Auto_Loan,2023-06-07,2052-12-31,705453.0,528772.29,4.105,360,WI,Purchase,C+,2 years,> $200k,CURRENT,0,Evergreen Capital Servicing,2026-07-09,2026-07-17 17:44:07,VERIFIED,Empower_Origination
LN-10223,BOR-20223,Conventional_15Y,2021-06-27,2041-03-14,714343.04,636831.34,3.968,240,WA,Refinance_CashOut,A+,14 years,< $40k,CURRENT,0,Beacon Servicing Group,2026-06-29,2026-07-18 17:44:07,VERIFIED,BlackKnight_MSP
LN-10224,BOR-20224,ARM_5_1,2023-07-26,2053-02-18,615140.57,0.0,5.949,360,NM,Refinance_RateTerm,B,17 years,$120k - $200k,PAID_OFF,0,Evergreen Capital Servicing,2026-07-15,2026-07-23 17:44:07,VERIFIED,Fiserv_Core
LN-10225,BOR-20225,Conventional_15Y,2021-06-03,2041-02-18,153739.82,114416.72,7.111,240,XX,Purchase,E,4 years,$75k - $120k,CURRENT,0,Delta Servicing Co.,2026-08-05,2026-08-01 17:44:07,VERIFIED,Fiserv_Core
LN-10226,BOR-20226,Personal_Installment,2021-06-26,2036-04-08,242789.9,218426.31,6.25,180,DE,Home_Improvement,A+,13 years,$75k - $120k,CURRENT,0,Delta Servicing Co.,2026-08-04,2026-08-02 17:44:07,VERIFIED,LOS_Encompass
LN-10227,BOR-20227,ARM_5_1,2021-11-15,2041-08-02,246242.66,191560.36,6.753,240,OH,Refinance_CashOut,A-,10 years,$120k - $200k,CURRENT,0,Delta Servicing Co.,2026-07-14,2026-07-15 17:44:07,VERIFIED,LOS_Encompass
LN-10228,BOR-20228,VA_30Y,2021-08-05,2041-04-22,689402.96,556686.25,5.536,240,MS,Refinance_RateTerm,A+,17 years,$40k - $75k,DELINQUENT_120,120,Beacon Servicing Group,2026-07-03,2026-07-23 17:44:07,VERIFIED,Spreadsheet_Manual_Upload
LN-10229,BOR-20229,Conventional_30Y,2021-07-17,2036-04-29,662626.39,582942.67,3.081,180,NY,Home_Improvement,A+,12 years,$40k - $75k,CURRENT,0,Evergreen Capital Servicing,2026-07-27,2026-07-16 17:44:07,VERIFIED,LOS_Encompass
LN-10230,BOR-20230,Conventional_30Y,2022-01-01,2021-08-01,392150.72,311314.26,8.273,180,IA,Debt_Consolidation,D,12 years,$75k - $120k,CURRENT,0,Apex Mortgage Servicing,2026-08-03,2026-08-24 17:44:07,VERIFIED,Fiserv_Core
LN-10231,BOR-20231,Conventional_30Y,2023-05-25,2038-03-07,450580.64,275880.99,7.678,180,ME,Refinance_CashOut,B+,9 years,$120k - $200k,CURRENT,0,Apex Mortgage Servicing,2026-07-22,2026-08-17 17:44:07,VERIFIED,Empower_Origination
LN-10232,BOR-20232,Conventional_30Y,2021-09-16,2036-06-29,475840.72,294996.63,6.848,180,SD,Refinance_RateTerm,C+,13 years,$75k - $120k,CURRENT,0,Citadel Loan Partners,2026-07-09,2026-07-23 17:44:07,VERIFIED,Spreadsheet_Manual_Upload
LN-10233,BOR-20233,Commercial_Mortgage,2021-04-15,2050-11-09,55143.3,33096.99,8.307,360,AL,Debt_Consolidation,E,10 years,$75k - $120k,CURRENT,0,Citadel Loan Partners,2026-08-04,2026-07-16 17:44:07,VERIFIED,BlackKnight_MSP
LN-10234,BOR-20234,Jumbo_30Y,2022-11-03,2042-07-21,547765.64,349293.26,4.468,240,MI,Debt_Consolidation,B+,2 years,> $200k,CURRENT,0,Beacon Servicing Group,2026-07-06,2026-08-24 17:44:07,VERIFIED,Fiserv_Core
LN-10235,BOR-20235,Jumbo_30Y,2023-07-18,2043-04-04,342995.98,279234.32,2.953,240,SD,Debt_Consolidation,B+,11 years,$40k - $75k,CURRENT,0,Delta Servicing Co.,2026-07-10,2026-08-03 17:44:07,VERIFIED,Spreadsheet_Manual_Upload
LN-10236,BOR-20236,Jumbo_30Y,2023-05-11,2038-02-21,510330.28,385101.96,4.439,180,IA,Refinance_CashOut,B,18 years,$40k - $75k,CURRENT,0,Apex Mortgage Servicing,2026-08-07,2026-08-03 17:44:07,VERIFIED,Empower_Origination
LN-10237,BOR-20237,Jumbo_30Y,2023-03-19,2042-12-04,670790.48,549988.59,6.117,240,UT,Purchase,C,2 years,> $200k,CURRENT,0,Delta Servicing Co.,2026-08-09,2026-07-24 17:44:07,VERIFIED,LOS_Encompass
LN-10238,BOR-20238,Commercial_Mortgage,2021-11-02,2051-05-29,339175.08,218836.71,3.617,360,WA,Refinance_RateTerm,C+,15 years,$40k - $75k,CURRENT,0,Apex Mortgage Servicing,2026-07-21,2026-08-04 17:44:07,VERIFIED,Empower_Origination
LN-10239,BOR-20239,ARM_5_1,2021-03-01,2050-09-25,53299.45,45531.87,7.127,360,NJ,Debt_Consolidation,A-,16 years,< $40k,CURRENT,0,Delta Servicing Co.,2026-07-27,2026-07-29 17:44:07,VERIFIED,Fiserv_Core
LN-10240,BOR-20240,Commercial_Mortgage,2021-02-08,2035-11-22,423647.82,294125.69,8.213,180,CO,Debt_Consolidation,B+,1 years,< $40k,CURRENT,0,Citadel Loan Partners,2026-08-02,2026-08-17 17:44:07,VERIFIED,LOS_Encompass
LN-10241,BOR-20241,Commercial_Mortgage,2022-08-26,2052-03-21,264280.56,245027.6,3.013,360,MD,Home_Improvement,D,17 years,$75k - $120k,CURRENT,0,Beacon Servicing Group,2026-07-31,2026-07-25 17:44:07,VERIFIED,BlackKnight_MSP
LN-10242,BOR-20242,VA_30Y,2023-08-29,2038-06-11,684825.97,455955.14,2.86,180,MA,Refinance_CashOut,B+,1 years,> $200k,CURRENT,0,Apex Mortgage Servicing,2026-07-28,2026-07-16 17:44:07,VERIFIED,BlackKnight_MSP
LN-10243,BOR-20243,Auto_Loan,2021-02-19,2050-09-15,465746.85,434641.42,3.372,360,TX,Purchase,A,14 years,$120k - $200k,CURRENT,0,Delta Servicing Co.,2026-07-08,2026-08-16 17:44:07,VERIFIED,Empower_Origination
LN-10244,BOR-20244,Conventional_30Y,2022-03-07,2041-11-22,513165.2,368519.82,4.302,240,WV,Refinance_CashOut,C+,4 years,> $200k,CURRENT,0,Apex Mortgage Servicing,2026-07-02,2026-08-19 17:44:07,VERIFIED,Fiserv_Core
LN-10245,BOR-20245,VA_30Y,2021-07-24,2051-02-17,594571.24,54200.0,8.345,360,SC,Home_Improvement,B,6 years,< $40k,PAID_OFF,0,Delta Servicing Co.,2026-07-31,2026-08-10 17:44:07,VERIFIED,LOS_Encompass
LN-10246,BOR-20246,Conventional_30Y,2021-04-02,2050-10-27,684816.03,450382.1,6.597,360,MI,Purchase,D,3 years,< $40k,CURRENT,0,Delta Servicing Co.,2026-08-03,2026-08-09 17:44:07,VERIFIED,Fiserv_Core
LN-10247,BOR-20247,Conventional_30Y,2023-04-13,2038-01-24,172291.27,161298.13,4.421,180,MT,Refinance_RateTerm,C+,4 years,< $40k,CURRENT,0,Apex Mortgage Servicing,2026-06-28,2026-08-17 17:44:07,VERIFIED,Empower_Origination
LN-10248,BOR-20248,ARM_5_1,2023-07-05,2043-03-22,356400.16,261015.91,7.801,240,PA,Refinance_RateTerm,B-,6 years,< $40k,CURRENT,0,Citadel Loan Partners,2026-06-29,2026-08-01 17:44:07,VERIFIED,Fiserv_Core
LN-10249,BOR-20249,Commercial_Mortgage,2023-06-27,2053-01-20,607836.69,553392.88,6.753,360,FL,Refinance_CashOut,A,14 years,> $200k,CURRENT,0,Delta Servicing Co.,2026-08-10,2026-07-17 17:44:07,VERIFIED,Fiserv_Core
LN-10250,BOR-20250,ARM_5_1,2021-01-30,2050-08-26,653803.04,419752.94,6.932,360,NC,Home_Improvement,C,4 years,$120k - $200k,CURRENT,0,Citadel Loan Partners,2026-08-21,2026-07-13 17:44:07,VERIFIED,Spreadsheet_Manual_Upload
LN-10251,BOR-20251,VA_30Y,2023-06-14,2053-01-07,286810.45,219958.92,6.778,360,OH,Home_Improvement,B+,16 years,$75k - $120k,CURRENT,0,Beacon Servicing Group,2026-06-29,2026-07-21 17:44:07,VERIFIED,Spreadsheet_Manual_Upload
LN-10252,BOR-20252,Conventional_30Y,2022-10-21,2037-08-03,704059.99,544274.53,5.448,180,NV,Refinance_CashOut,A,16 years,$75k - $120k,CURRENT,0,Apex Mortgage Servicing,2026-07-20,2026-08-11 17:44:07,VERIFIED,Spreadsheet_Manual_Upload
LN-10253,BOR-20253,Commercial_Mortgage,2023-04-17,2043-01-02,214500.0,169308.47,7.357,240,CT,Purchase,C,15 years,$75k - $120k,DELINQUENT_120,120,Apex Mortgage Servicing,2026-08-15,2026-07-31 17:44:07,VERIFIED,Fiserv_Core
LN-10254,BOR-20254,Conventional_30Y,2022-07-17,2052-02-10,50118.8,46018.41,6.224,360,HI,Refinance_RateTerm,D,18 years,$40k - $75k,CURRENT,0,Citadel Loan Partners,2026-07-29,2026-08-22 17:44:07,VERIFIED,Empower_Origination
LN-10255,BOR-20255,Personal_Installment,2022-07-28,2042-04-14,587191.48,434531.73,6.871,240,AL,Home_Improvement,A,4 years,$40k - $75k,DELINQUENT_90,90,Citadel Loan Partners,2026-07-17,2026-07-23 17:44:07,VERIFIED,BlackKnight_MSP
LN-10256,BOR-20256,Conventional_15Y,2023-07-08,2038-04-20,164908.76,148556.87,6.872,180,ND,Home_Improvement,A,9 years,> $200k,CURRENT,0,Delta Servicing Co.,2026-08-08,2026-07-27 17:44:07,VERIFIED,Empower_Origination
LN-10257,BOR-20257,ARM_5_1,2023-02-15,2037-11-28,340129.24,212812.31,7.565,180,ID,Purchase,C,15 years,> $200k,CURRENT,0,Delta Servicing Co.,2026-08-21,2026-07-23 17:44:07,VERIFIED,LOS_Encompass
LN-10258,BOR-20258,Auto_Loan,2023-05-09,2043-01-24,459584.5,287915.99,7.241,240,VA,Debt_Consolidation,A-,5 years,< $40k,CURRENT,0,Citadel Loan Partners,2026-07-20,2026-08-01 17:44:07,VERIFIED,Fiserv_Core
LN-10259,BOR-20259,VA_30Y,2022-02-12,2041-10-30,724515.48,442192.03,5.354,240,NC,Refinance_CashOut,C+,17 years,$75k - $120k,CURRENT,0,Citadel Loan Partners,2026-07-07,2026-07-21 17:44:07,VERIFIED,Empower_Origination
LN-10260,BOR-20260,VA_30Y,2022-10-02,2037-07-15,550069.17,-4250.0,8.047,180,NC,Refinance_CashOut,D,18 years,$75k - $120k,CURRENT,0,Evergreen Capital Servicing,2026-07-22,2026-07-19 17:44:07,VERIFIED,Spreadsheet_Manual_Upload
LN-10261,BOR-20261,Commercial_Mortgage,2023-02-05,2052-08-31,675706.2,515654.39,7.795,360,OK,Purchase,D,4 years,< $40k,CURRENT,0,Apex Mortgage Servicing,2026-08-09,2026-08-08 17:44:07,VERIFIED,Empower_Origination
LN-10262,BOR-20262,Jumbo_30Y,2021-09-14,2051-04-10,152499.87,141563.88,7.26,360,AZ,Debt_Consolidation,A+,12 years,$120k - $200k,DELINQUENT_60,60,Evergreen Capital Servicing,2026-07-28,2026-08-10 17:44:07,VERIFIED,Spreadsheet_Manual_Upload
LN-10263,BOR-20263,Jumbo_30Y,2022-11-12,2052-06-07,82885.92,67671.88,5.145,360,MT,Refinance_RateTerm,D,2 years,< $40k,CURRENT,0,Delta Servicing Co.,2026-06-29,2026-08-11 17:44:07,VERIFIED,BlackKnight_MSP
LN-10264,BOR-20264,Auto_Loan,2022-09-10,2052-04-05,187528.36,130572.23,3.863,360,CT,Refinance_CashOut,A,6 years,$40k - $75k,CURRENT,0,Apex Mortgage Servicing,2026-07-25,2026-08-08 17:44:07,VERIFIED,Spreadsheet_Manual_Upload
LN-10265,BOR-20265,Jumbo_30Y,2021-06-14,2036-03-27,458790.24,394901.11,4.651,180,SD,Refinance_CashOut,A+,5 years,$75k - $120k,CURRENT,0,Evergreen Capital Servicing,2026-06-29,2026-07-14 17:44:07,VERIFIED,BlackKnight_MSP
LN-10266,BOR-20266,Personal_Installment,2022-07-18,2052-02-11,300659.91,203122.53,4.578,360,MA,Refinance_CashOut,D,3 years,> $200k,CURRENT,0,Delta Servicing Co.,2026-08-16,2026-08-03 17:44:07,VERIFIED,Empower_Origination
LN-10267,BOR-20267,VA_30Y,2021-12-06,2051-07-02,281746.58,238709.5,8.214,360,HI,Debt_Consolidation,C,18 years,< $40k,DELINQUENT_90,90,Delta Servicing Co.,2026-08-06,2026-07-15 17:44:07,VERIFIED,Spreadsheet_Manual_Upload
LN-10268,BOR-20268,VA_30Y,2022-11-30,2037-09-12,669962.11,547037.19,7.328,180,GA,Home_Improvement,B,18 years,$75k - $120k,DELINQUENT_90,90,Evergreen Capital Servicing,2026-07-01,2026-07-24 17:44:07,VERIFIED,Fiserv_Core
LN-10269,BOR-20269,Personal_Installment,2021-10-31,2036-08-13,678797.13,599120.37,5.705,180,OH,Refinance_CashOut,D,18 years,< $40k,CURRENT,0,Beacon Servicing Group,2026-06-27,2026-07-13 17:44:07,VERIFIED,Fiserv_Core
LN-10270,BOR-20270,Conventional_15Y,2022-07-05,2037-04-17,630124.07,0.0,7.013,180,OK,Purchase,A-,1 years,$120k - $200k,PAID_OFF,0,Apex Mortgage Servicing,2026-08-18,2026-08-14 17:44:07,VERIFIED,BlackKnight_MSP
LN-10271,BOR-20271,Auto_Loan,2022-08-12,2037-05-25,625133.52,394555.96,5.094,180,CT,Home_Improvement,C+,11 years,< $40k,CURRENT,0,Apex Mortgage Servicing,2026-07-11,2026-07-17 17:44:07,VERIFIED,LOS_Encompass
LN-10272,BOR-20272,Conventional_30Y,2023-05-19,2052-12-12,100812.61,63026.36,3.36,360,MT,Refinance_RateTerm,E,3 years,$75k - $120k,CURRENT,0,Delta Servicing Co.,2026-06-30,2026-07-14 17:44:07,VERIFIED,LOS_Encompass
LN-10273,BOR-20273,Personal_Installment,2022-07-01,2037-04-13,203906.01,0.0,7.331,180,KS,Refinance_RateTerm,A-,10 years,$75k - $120k,PAID_OFF,0,Evergreen Capital Servicing,2026-08-12,2026-08-18 17:44:07,VERIFIED,LOS_Encompass
LN-10274,BOR-20274,Conventional_30Y,2022-09-03,2052-03-29,325857.19,247119.04,3.239,360,AZ,Refinance_RateTerm,B+,14 years,> $200k,CURRENT,0,Evergreen Capital Servicing,2026-06-29,2026-08-09 17:44:07,VERIFIED,Empower_Origination
LN-10275,BOR-20275,Conventional_15Y,2022-11-19,2037-09-01,609762.04,397389.3,7.645,180,NM,Home_Improvement,D,3 years,$75k - $120k,CURRENT,0,Beacon Servicing Group,2026-07-06,2026-07-19 17:44:07,VERIFIED,Fiserv_Core
LN-10276,BOR-20276,ARM_5_1,2021-05-12,2041-01-27,519906.9,451234.22,4.39,240,IL,Refinance_CashOut,B-,16 years,$120k - $200k,CURRENT,0,Evergreen Capital Servicing,2026-08-12,2026-07-20 17:44:07,VERIFIED,Spreadsheet_Manual_Upload
LN-10277,BOR-20277,ARM_5_1,2023-09-09,2043-05-27,349815.18,331732.83,4.166,240,MA,Home_Improvement,B,12 years,$40k - $75k,CURRENT,0,Delta Servicing Co.,2026-07-23,2026-07-28 17:44:07,VERIFIED,BlackKnight_MSP
LN-10278,BOR-20278,Jumbo_30Y,2022-07-19,2042-04-05,126182.85,91363.57,3.221,240,MO,Refinance_CashOut,D,7 years,$75k - $120k,CURRENT,0,Apex Mortgage Servicing,2026-08-20,2026-07-24 17:44:07,VERIFIED,LOS_Encompass
LN-10279,BOR-20279,Commercial_Mortgage,2021-08-06,2051-03-02,684412.5,518060.64,5.875,360,KS,Home_Improvement,A-,12 years,$120k - $200k,CURRENT,0,Citadel Loan Partners,2026-08-13,2026-07-27 17:44:07,VERIFIED,Spreadsheet_Manual_Upload
LN-10280,BOR-20280,Auto_Loan,2022-02-11,2036-11-24,304705.89,288341.02,4.124,180,HI,Refinance_CashOut,D,5 years,$120k - $200k,CURRENT,0,Evergreen Capital Servicing,2026-07-10,2026-08-16 17:44:07,VERIFIED,Fiserv_Core
LN-10281,BOR-20281,ARM_5_1,2021-08-13,2036-05-26,583030.66,506588.07,4.27,180,MA,Purchase,B+,17 years,$75k - $120k,CURRENT,0,Apex Mortgage Servicing,2026-08-19,2026-07-15 17:44:07,VERIFIED,BlackKnight_MSP
LN-10282,BOR-20282,Conventional_15Y,2023-09-19,2053-04-14,414961.03,273718.05,7.551,360,IN,Debt_Consolidation,D,6 years,$120k - $200k,CURRENT,0,Apex Mortgage Servicing,2026-07-19,2026-08-09 17:44:07,VERIFIED,Fiserv_Core
LN-10283,BOR-20283,VA_30Y,2022-02-20,2051-09-16,297028.61,191969.06,5.549,360,IA,Debt_Consolidation,A+,17 years,$40k - $75k,CURRENT,0,Evergreen Capital Servicing,2026-07-11,2026-08-08 17:44:07,VERIFIED,Empower_Origination
LN-10284,BOR-20284,FHA_30Y,2021-06-11,2036-03-24,303556.06,212168.7,3.43,180,MA,Home_Improvement,B-,4 years,$120k - $200k,CURRENT,0,Evergreen Capital Servicing,2026-08-11,2026-07-15 17:44:07,VERIFIED,Fiserv_Core
LN-10285,BOR-20285,Conventional_30Y,2021-02-14,2035-11-28,139519.58,103618.17,3.525,180,AR,Purchase,E,5 years,< $40k,CURRENT,0,Evergreen Capital Servicing,2026-07-27,2026-07-18 17:44:07,VERIFIED,Spreadsheet_Manual_Upload
LN-10286,BOR-20286,Conventional_30Y,2023-01-16,2052-08-11,513221.54,436644.21,3.243,360,CT,Debt_Consolidation,C,16 years,$40k - $75k,CURRENT,0,Beacon Servicing Group,2026-07-02,2026-07-19 17:44:07,VERIFIED,Empower_Origination
LN-10287,BOR-20287,Auto_Loan,2021-06-21,2041-03-08,556930.76,0.0,5.357,240,ID,Purchase,B+,13 years,$120k - $200k,PAID_OFF,0,Evergreen Capital Servicing,2026-06-27,2026-07-24 17:44:07,VERIFIED,Fiserv_Core
LN-10288,BOR-20288,FHA_30Y,2021-04-09,2050-11-03,174195.53,110516.11,6.199,360,KS,Debt_Consolidation,A,3 years,$120k - $200k,CURRENT,0,Evergreen Capital Servicing,2026-06-30,2026-08-25 17:44:07,VERIFIED,Fiserv_Core
LN-10289,BOR-20289,Auto_Loan,2022-01-15,2041-10-02,662377.01,467522.26,5.216,240,IA,Home_Improvement,B-,4 years,$120k - $200k,CURRENT,0,Beacon Servicing Group,2026-06-28,2026-08-20 17:44:07,VERIFIED,BlackKnight_MSP
LN-10290,BOR-20290,Auto_Loan,2021-09-21,2041-06-08,182314.71,127948.08,7.289,240,NE,Debt_Consolidation,A,17 years,< $40k,CURRENT,0,Citadel Loan Partners,2026-07-26,2026-08-02 17:44:07,VERIFIED,LOS_Encompass
LN-10291,BOR-20291,FHA_30Y,2022-10-30,2042-07-17,459759.13,394723.44,5.833,240,NE,Refinance_RateTerm,E,9 years,$120k - $200k,CURRENT,0,Evergreen Capital Servicing,2026-07-22,2026-08-14 17:44:07,VERIFIED,BlackKnight_MSP
LN-10292,BOR-20292,Auto_Loan,2022-05-11,2051-12-05,227644.35,191829.39,4.73,360,SD,Home_Improvement,A-,4 years,$40k - $75k,CURRENT,0,Beacon Servicing Group,2026-08-15,2026-08-12 17:44:07,VERIFIED,Spreadsheet_Manual_Upload
LN-10293,BOR-20293,Commercial_Mortgage,2023-04-01,2042-12-17,435403.35,307407.79,6.814,240,NJ,Home_Improvement,A+,3 years,$40k - $75k,CURRENT,0,Apex Mortgage Servicing,2026-08-17,2026-08-09 17:44:07,VERIFIED,Empower_Origination
LN-10294,BOR-20294,ARM_5_1,2022-09-16,2037-06-29,76428.74,62326.56,8.411,180,HI,Debt_Consolidation,B,2 years,$40k - $75k,CURRENT,0,Beacon Servicing Group,2026-06-28,2026-07-14 17:44:07,VERIFIED,Spreadsheet_Manual_Upload
LN-10295,BOR-20295,Jumbo_30Y,2021-02-04,2035-11-18,598771.61,461837.48,6.766,180,HI,Refinance_CashOut,A+,12 years,$40k - $75k,CURRENT,0,Apex Mortgage Servicing,2026-08-04,2026-07-31 17:44:07,VERIFIED,BlackKnight_MSP
LN-10296,BOR-20296,Commercial_Mortgage,2022-08-24,2042-05-11,190217.27,179683.36,6.796,240,PA,Debt_Consolidation,B,18 years,> $200k,CURRENT,0,Citadel Loan Partners,2026-08-07,2026-07-18 17:44:07,VERIFIED,Empower_Origination
LN-10297,BOR-20297,Personal_Installment,2022-08-12,2042-04-29,53256.02,47330.64,5.661,240,NM,Purchase,D,10 years,$75k - $120k,CURRENT,0,Citadel Loan Partners,2026-07-18,2026-07-20 17:44:07,VERIFIED,BlackKnight_MSP
LN-10298,BOR-20298,Personal_Installment,2022-07-31,2042-04-17,388540.93,336031.32,4.703,240,WY,Home_Improvement,C,1 years,$120k - $200k,DELINQUENT_30,30,Delta Servicing Co.,2026-07-12,2026-08-11 17:44:07,VERIFIED,Empower_Origination
LN-10299,BOR-20299,ARM_5_1,2023-09-06,2043-05-24,297167.39,226596.62,6.78,240,IN,Refinance_CashOut,B,3 years,$120k - $200k,CURRENT,0,Apex Mortgage Servicing,2026-07-17,2026-08-14 17:44:07,VERIFIED,Fiserv_Core
LN-10300,BOR-20300,ARM_5_1,2021-08-12,2041-04-29,676021.38,578554.97,8.196,240,MT,Refinance_CashOut,C,7 years,$40k - $75k,CURRENT,0,Beacon Servicing Group,2026-08-07,2026-08-13 17:44:07,VERIFIED,Empower_Origination
LN-10301,BOR-20301,ARM_5_1,2023-03-09,2037-12-20,124682.5,78292.4,6.636,180,RI,Home_Improvement,E,1 years,> $200k,CURRENT,0,Citadel Loan Partners,2026-07-13,2026-08-05 17:44:07,VERIFIED,Fiserv_Core
LN-10302,BOR-20302,Jumbo_30Y,2021-07-07,2041-03-24,739076.28,465172.84,4.362,240,MA,Debt_Consolidation,A-,2 years,> $200k,CURRENT,0,Evergreen Capital Servicing,2026-08-19,2026-07-24 17:44:07,VERIFIED,BlackKnight_MSP
LN-10303,BOR-20303,Commercial_Mortgage,2023-03-06,2052-09-29,172360.25,104833.38,6.765,360,UT,Refinance_RateTerm,A+,1 years,$40k - $75k,CURRENT,0,Citadel Loan Partners,2026-07-13,2026-08-09 17:44:07,VERIFIED,Empower_Origination
LN-10304,BOR-20304,Auto_Loan,2021-08-31,2041-05-18,238585.76,146614.67,4.723,240,VA,Home_Improvement,C+,7 years,$120k - $200k,CURRENT,0,Delta Servicing Co.,2026-08-04,2026-07-28 17:44:07,VERIFIED,Empower_Origination
LN-10305,BOR-20305,FHA_30Y,2022-12-04,2052-06-29,209996.72,192156.57,4.302,360,TN,Debt_Consolidation,C+,13 years,$40k - $75k,CURRENT,0,Beacon Servicing Group,2026-07-22,2026-08-25 17:44:07,VERIFIED,Empower_Origination
LN-10306,BOR-20306,Commercial_Mortgage,2021-05-18,2041-02-02,746893.24,487507.32,5.723,240,ND,Refinance_RateTerm,C,10 years,$75k - $120k,CURRENT,0,Delta Servicing Co.,2026-08-15,2026-07-12 17:44:07,VERIFIED,Empower_Origination
LN-10307,BOR-20307,Conventional_30Y,2023-04-14,2038-01-25,228002.78,149651.88,3.304,180,AK,Refinance_RateTerm,B,12 years,$75k - $120k,CURRENT,0,Citadel Loan Partners,2026-07-30,2026-08-24 17:44:07,VERIFIED,Fiserv_Core
LN-10308,BOR-20308,Conventional_15Y,2023-06-08,2043-02-23,525710.1,387999.49,6.067,240,ME,Debt_Consolidation,A-,10 years,$75k - $120k,CURRENT,0,Delta Servicing Co.,2026-08-16,2026-08-01 17:44:07,VERIFIED,Spreadsheet_Manual_Upload
LN-10309,BOR-20309,Jumbo_30Y,2022-10-09,2042-06-26,719616.1,464951.03,6.433,240,MN,Home_Improvement,E,13 years,< $40k,DELINQUENT_90,90,Beacon Servicing Group,2026-08-01,2026-08-05 17:44:07,VERIFIED,BlackKnight_MSP
LN-10310,BOR-20310,Jumbo_30Y,2022-10-23,2052-05-18,180000.0,220000.0,7.241,360,AL,Debt_Consolidation,D,15 years,$120k - $200k,CURRENT,0,Beacon Servicing Group,2026-07-06,2026-08-10 17:44:07,VERIFIED,BlackKnight_MSP
LN-10311,BOR-20311,Conventional_15Y,2021-06-20,2036-04-02,327931.91,300568.02,8.137,180,IA,Debt_Consolidation,A+,1 years,$120k - $200k,CURRENT,0,Apex Mortgage Servicing,2026-08-05,2026-07-17 17:44:07,VERIFIED,Empower_Origination
LN-10312,BOR-20312,Conventional_15Y,2023-08-12,2053-03-07,669829.92,0.0,4.173,360,MD,Home_Improvement,A-,5 years,> $200k,PAID_OFF,0,Citadel Loan Partners,2026-06-27,2026-08-05 17:44:07,VERIFIED,Fiserv_Core
LN-10313,BOR-20313,Personal_Installment,2023-08-16,2053-03-11,240690.1,191181.18,8.325,360,DE,Debt_Consolidation,A-,15 years,> $200k,CURRENT,0,Evergreen Capital Servicing,2026-08-02,2026-08-03 17:44:07,VERIFIED,Fiserv_Core
LN-10314,BOR-20314,Auto_Loan,2023-04-05,2038-01-16,112687.82,94910.88,5.12,180,MI,Refinance_RateTerm,A+,1 years,> $200k,CURRENT,0,Citadel Loan Partners,2026-08-03,2026-07-26 17:44:07,VERIFIED,Spreadsheet_Manual_Upload
LN-10315,BOR-20315,Conventional_30Y,2023-08-03,2053-02-26,394352.16,270361.75,4.473,360,WY,Home_Improvement,B,8 years,< $40k,CURRENT,0,Evergreen Capital Servicing,2026-07-25,2026-07-31 17:44:07,VERIFIED,Empower_Origination
LN-10316,BOR-20316,FHA_30Y,2023-01-25,2052-08-20,502193.56,331473.16,4.018,360,PA,Home_Improvement,B+,17 years,> $200k,CURRENT,0,Citadel Loan Partners,2026-07-11,2026-07-22 17:44:07,VERIFIED,BlackKnight_MSP
LN-10317,BOR-20317,Commercial_Mortgage,2023-05-24,2038-03-06,97924.77,88345.92,3.385,180,UT,Debt_Consolidation,C,9 years,> $200k,CURRENT,0,Beacon Servicing Group,2026-08-18,2026-07-22 17:44:07,VERIFIED,LOS_Encompass
LN-10318,BOR-20318,FHA_30Y,2021-10-16,2036-07-29,238436.59,166829.65,6.931,180,MA,Purchase,A-,1 years,$120k - $200k,CURRENT,0,Delta Servicing Co.,2026-07-29,2026-07-27 17:44:07,VERIFIED,LOS_Encompass
LN-10319,BOR-20319,ARM_5_1,2023-05-14,2038-02-24,575398.71,517208.21,4.282,180,KY,Purchase,D,16 years,$40k - $75k,CURRENT,0,Delta Servicing Co.,2026-06-29,2026-08-25 17:44:07,VERIFIED,LOS_Encompass
LN-10320,BOR-20320,VA_30Y,2023-03-01,2042-11-16,732480.55,632492.0,8.469,240,WA,Home_Improvement,A,17 years,$40k - $75k,CURRENT,0,Citadel Loan Partners,2026-08-01,2026-08-15 17:44:07,VERIFIED,LOS_Encompass
LN-10321,BOR-20321,Auto_Loan,2021-05-06,2050-11-30,227318.92,165151.29,3.893,360,FL,Refinance_CashOut,A,8 years,$120k - $200k,CURRENT,0,Citadel Loan Partners,2026-07-15,2026-08-18 17:44:07,VERIFIED,Fiserv_Core
LN-10322,BOR-20322,VA_30Y,2023-09-20,2038-07-03,79395.36,53654.09,5.483,180,WV,Refinance_CashOut,B-,3 years,$40k - $75k,CURRENT,0,Evergreen Capital Servicing,2026-07-31,2026-07-16 17:44:07,VERIFIED,LOS_Encompass
LN-10323,BOR-20323,Conventional_30Y,2022-10-23,2042-07-10,157742.9,120243.68,3.368,240,NV,Refinance_CashOut,B-,18 years,$75k - $120k,CURRENT,0,Beacon Servicing Group,2026-08-20,2026-07-12 17:44:07,VERIFIED,Fiserv_Core
LN-10324,BOR-20324,ARM_5_1,2021-05-18,2050-12-12,225487.37,211096.54,6.813,360,NM,Refinance_RateTerm,D,16 years,$40k - $75k,CURRENT,0,Citadel Loan Partners,2026-07-06,2026-07-27 17:44:07,VERIFIED,BlackKnight_MSP
LN-10325,BOR-20325,Auto_Loan,2021-03-12,2035-12-24,421796.2,334364.4,7.462,180,KS,Refinance_RateTerm,C,1 years,> $200k,CURRENT,0,Apex Mortgage Servicing,2026-07-13,2026-08-02 17:44:07,VERIFIED,Spreadsheet_Manual_Upload
LN-10326,BOR-20326,VA_30Y,2023-01-09,2042-09-26,94339.23,57687.77,7.46,240,WA,Debt_Consolidation,C,18 years,$40k - $75k,CURRENT,0,Citadel Loan Partners,2026-08-14,2026-08-19 17:44:07,VERIFIED,Spreadsheet_Manual_Upload
LN-10327,BOR-20327,Conventional_15Y,2023-05-06,2038-02-16,706459.68,626966.31,2.93,180,OH,Home_Improvement,B+,4 years,< $40k,CURRENT,0,Delta Servicing Co.,2026-07-19,2026-07-17 17:44:07,VERIFIED,Spreadsheet_Manual_Upload
LN-10328,BOR-20328,Jumbo_30Y,2022-01-11,2036-10-24,204505.95,142899.39,2.825,180,AZ,Home_Improvement,A,15 years,< $40k,CURRENT,0,Delta Servicing Co.,2026-06-30,2026-08-02 17:44:07,VERIFIED,LOS_Encompass
LN-10329,BOR-20329,Jumbo_30Y,2021-02-11,2050-09-07,564010.24,371085.02,3.198,360,AZ,Debt_Consolidation,A,4 years,$40k - $75k,CURRENT,0,Evergreen Capital Servicing,2026-07-10,2026-08-10 17:44:07,VERIFIED,Spreadsheet_Manual_Upload
LN-10330,BOR-20330,FHA_30Y,2023-02-07,2052-09-02,440699.13,303580.91,7.156,360,NE,Refinance_RateTerm,C,14 years,< $40k,CURRENT,0,Delta Servicing Co.,2026-07-20,2026-08-04 17:44:07,VERIFIED,Empower_Origination
LN-10331,BOR-20331,Auto_Loan,2022-03-30,2051-10-24,703463.98,446087.8,5.913,360,CO,Refinance_RateTerm,C+,14 years,$75k - $120k,CURRENT,0,Beacon Servicing Group,2026-07-28,2026-07-21 17:44:07,VERIFIED,BlackKnight_MSP
LN-10332,BOR-20332,ARM_5_1,2022-04-04,2041-12-20,721877.1,685733.82,2.949,240,MD,Debt_Consolidation,A+,17 years,$40k - $75k,CURRENT,0,Citadel Loan Partners,2026-08-07,2026-08-12 17:44:07,VERIFIED,BlackKnight_MSP
LN-10333,BOR-20333,Conventional_30Y,2023-04-23,2052-11-16,243170.0,183889.51,5.949,360,NE,Refinance_CashOut,A,2 years,$120k - $200k,CURRENT,0,Citadel Loan Partners,2026-07-15,2026-08-10 17:44:07,VERIFIED,Empower_Origination
LN-10334,BOR-20334,Jumbo_30Y,2021-04-05,2040-12-21,449341.01,337377.48,4.0,240,IL,Refinance_RateTerm,C,6 years,$120k - $200k,CURRENT,0,Evergreen Capital Servicing,2026-06-30,2026-08-19 17:44:07,VERIFIED,Spreadsheet_Manual_Upload
LN-10335,BOR-20335,Jumbo_30Y,2023-01-19,2037-11-01,615838.82,502807.06,7.236,180,WY,Refinance_RateTerm,B-,14 years,$120k - $200k,CURRENT,0,Beacon Servicing Group,2026-07-05,2026-07-15 17:44:07,VERIFIED,Spreadsheet_Manual_Upload
LN-10336,BOR-20336,Conventional_30Y,2023-03-08,2052-10-01,492535.53,458577.78,5.765,360,CO,Debt_Consolidation,E,5 years,$75k - $120k,CURRENT,0,Apex Mortgage Servicing,2026-07-09,2026-07-31 17:44:07,VERIFIED,Fiserv_Core
LN-10337,BOR-20337,Auto_Loan,2021-08-16,2036-05-29,352354.97,237758.95,3.601,180,MN,Purchase,C,2 years,> $200k,CURRENT,0,Evergreen Capital Servicing,2026-07-25,2026-07-12 17:44:07,VERIFIED,Empower_Origination
LN-10338,BOR-20338,FHA_30Y,2022-07-27,2042-04-13,188675.97,153136.67,6.035,240,NM,Debt_Consolidation,D,8 years,$40k - $75k,DELINQUENT_120,120,Citadel Loan Partners,2026-07-09,2026-07-20 17:44:07,VERIFIED,LOS_Encompass
LN-10339,BOR-20339,Conventional_15Y,2022-02-28,2051-09-24,346478.42,286916.09,4.594,360,WV,Purchase,B,6 years,$75k - $120k,CURRENT,0,Delta Servicing Co.,2026-07-13,2026-08-16 17:44:07,VERIFIED,Fiserv_Core
LN-10340,BOR-20340,Conventional_30Y,2021-07-24,2036-05-06,529751.46,474341.09,6.939,180,PA,Purchase,A+,8 years,> $200k,CURRENT,0,Citadel Loan Partners,2026-08-21,2026-08-04 17:44:07,VERIFIED,LOS_Encompass
LN-10341,BOR-20341,Jumbo_30Y,2022-04-28,2042-01-13,65923.68,57804.96,5.844,240,AZ,Debt_Consolidation,D,9 years,> $200k,CURRENT,0,Beacon Servicing Group,2026-07-08,2026-07-12 17:44:07,VERIFIED,LOS_Encompass
LN-10342,BOR-20342,Commercial_Mortgage,2023-07-17,2053-02-09,514469.84,480916.78,3.729,360,MD,Refinance_CashOut,E,9 years,< $40k,CURRENT,0,Apex Mortgage Servicing,2026-07-28,2026-07-14 17:44:07,VERIFIED,BlackKnight_MSP
LN-10343,BOR-20343,ARM_5_1,2021-01-20,2035-11-03,254746.9,163244.15,4.973,180,LA,Debt_Consolidation,A,11 years,$120k - $200k,CURRENT,0,Beacon Servicing Group,2026-08-09,2026-07-24 17:44:07,VERIFIED,Fiserv_Core
LN-10344,BOR-20344,Auto_Loan,2021-01-23,2050-08-19,77826.68,48813.32,4.503,360,NV,Home_Improvement,A-,1 years,$75k - $120k,CURRENT,0,Citadel Loan Partners,2026-08-06,2026-07-24 17:44:07,VERIFIED,BlackKnight_MSP
LN-10345,BOR-20345,Conventional_30Y,2021-09-21,2051-04-17,665074.09,424556.21,7.435,360,TX,Debt_Consolidation,B,8 years,$40k - $75k,CURRENT,0,Beacon Servicing Group,2026-08-16,2026-08-01 17:44:07,VERIFIED,Spreadsheet_Manual_Upload
LN-10346,BOR-20346,VA_30Y,2021-09-04,2041-05-22,451028.99,361155.71,4.546,240,WV,Refinance_RateTerm,C,18 years,$40k - $75k,CURRENT,0,Evergreen Capital Servicing,2026-07-09,2026-08-13 17:44:07,VERIFIED,Empower_Origination
LN-10347,BOR-20347,Jumbo_30Y,2022-12-24,2052-07-19,679050.22,428924.14,5.223,360,WY,Refinance_CashOut,E,6 years,$75k - $120k,DELINQUENT_30,30,Beacon Servicing Group,2026-08-01,2026-08-16 17:44:07,VERIFIED,LOS_Encompass
LN-10348,BOR-20348,ARM_5_1,2023-09-12,2043-05-30,337876.23,0.0,8.119,240,NH,Refinance_RateTerm,A-,7 years,< $40k,PAID_OFF,0,Evergreen Capital Servicing,2026-07-13,2026-08-08 17:44:07,VERIFIED,Spreadsheet_Manual_Upload
LN-10349,BOR-20349,VA_30Y,2021-08-26,2051-03-22,211638.66,199124.56,3.207,360,WY,Home_Improvement,A-,17 years,> $200k,CURRENT,0,Beacon Servicing Group,2026-06-28,2026-08-01 17:44:07,VERIFIED,Fiserv_Core
LN-10350,BOR-20350,Personal_Installment,2021-06-17,2036-03-30,185281.88,173927.74,7.146,180,CA,Refinance_RateTerm,C+,8 years,$40k - $75k,CURRENT,0,Delta Servicing Co.,2026-06-27,2026-07-17 17:44:07,VERIFIED,Fiserv_Core
LN-10351,BOR-20351,ARM_5_1,2023-06-28,2043-03-15,222748.69,180047.02,2.991,240,AK,Home_Improvement,B-,13 years,> $200k,CURRENT,0,Evergreen Capital Servicing,2026-07-19,2026-07-15 17:44:07,VERIFIED,LOS_Encompass
LN-10352,BOR-20352,Auto_Loan,2022-04-08,2037-01-19,369830.3,237720.1,7.797,180,TN,Debt_Consolidation,D,13 years,< $40k,CURRENT,0,Apex Mortgage Servicing,2026-08-09,2026-08-07 17:44:07,VERIFIED,Fiserv_Core
LN-10353,BOR-20353,Commercial_Mortgage,2023-03-04,2042-11-19,629334.71,496248.35,5.179,240,HI,Purchase,D,5 years,$120k - $200k,CURRENT,0,Evergreen Capital Servicing,2026-08-14,2026-08-14 17:44:07,VERIFIED,Spreadsheet_Manual_Upload
LN-10354,BOR-20354,Auto_Loan,2022-02-07,2036-11-20,339491.51,268941.76,3.779,180,ID,Refinance_CashOut,C,3 years,$75k - $120k,CURRENT,0,Beacon Servicing Group,2026-07-07,2026-08-18 17:44:07,VERIFIED,LOS_Encompass
LN-10355,BOR-20355,Conventional_15Y,2022-04-06,2051-10-31,493850.69,454413.11,6.817,360,ND,Debt_Consolidation,E,6 years,$120k - $200k,CURRENT,0,Beacon Servicing Group,2026-07-31,2026-07-20 17:44:07,VERIFIED,Empower_Origination
LN-10356,BOR-20356,FHA_30Y,2021-07-03,2036-04-15,588409.76,548422.21,4.521,180,ND,Home_Improvement,B,6 years,< $40k,CURRENT,0,Apex Mortgage Servicing,2026-07-13,2026-08-09 17:44:07,VERIFIED,LOS_Encompass
LN-10357,BOR-20357,Personal_Installment,2023-05-26,2043-02-10,399049.57,266322.05,6.246,240,NV,Refinance_CashOut,B+,16 years,$120k - $200k,CURRENT,0,Evergreen Capital Servicing,2026-08-21,2026-08-10 17:44:07,VERIFIED,Spreadsheet_Manual_Upload
LN-10358,BOR-20358,Jumbo_30Y,2022-10-06,2052-05-01,440284.05,291098.92,3.031,360,MI,Purchase,B-,2 years,$40k - $75k,CURRENT,0,Evergreen Capital Servicing,2026-08-02,2026-08-04 17:44:07,VERIFIED,LOS_Encompass
LN-10359,BOR-20359,Conventional_30Y,2022-03-03,2036-12-14,745614.63,666231.03,4.385,180,RI,Debt_Consolidation,E,18 years,$40k - $75k,CURRENT,0,Citadel Loan Partners,2026-08-19,2026-08-20 17:44:07,VERIFIED,BlackKnight_MSP
LN-10360,BOR-20360,ARM_5_1,2023-07-09,2043-03-26,315257.55,292028.32,-1.25,240,NM,Purchase,B,16 years,$40k - $75k,CURRENT,0,Citadel Loan Partners,2026-07-19,2026-07-30 17:44:07,VERIFIED,Spreadsheet_Manual_Upload
LN-10361,BOR-20361,VA_30Y,2021-08-03,2051-02-27,478437.62,436212.73,6.946,360,NH,Debt_Consolidation,A,16 years,> $200k,CURRENT,0,Citadel Loan Partners,2026-07-25,2026-07-18 17:44:07,VERIFIED,BlackKnight_MSP
LN-10362,BOR-20362,Jumbo_30Y,2022-08-12,2052-03-07,746517.03,616736.04,3.496,360,NE,Home_Improvement,D,16 years,$120k - $200k,CURRENT,0,Beacon Servicing Group,2026-07-07,2026-08-07 17:44:07,VERIFIED,Empower_Origination
LN-10363,BOR-20363,Conventional_30Y,2021-01-25,2035-11-08,375419.94,251960.69,6.99,180,AZ,Debt_Consolidation,C+,14 years,< $40k,CURRENT,0,Beacon Servicing Group,2026-08-21,2026-07-16 17:44:07,VERIFIED,Empower_Origination
LN-10364,BOR-20364,Jumbo_30Y,2023-03-21,2042-12-06,97485.24,82365.34,5.912,240,WY,Purchase,A,11 years,$75k - $120k,CURRENT,0,Apex Mortgage Servicing,2026-06-29,2026-08-14 17:44:07,VERIFIED,Empower_Origination
LN-10365,BOR-20365,ARM_5_1,2023-08-03,2043-04-20,520731.07,327718.42,7.334,240,ME,Refinance_CashOut,C,5 years,$120k - $200k,CURRENT,0,Citadel Loan Partners,2026-07-23,2026-07-30 17:44:07,VERIFIED,LOS_Encompass
LN-10366,BOR-20366,Auto_Loan,2022-08-02,2042-04-19,557474.91,468041.44,5.831,240,AZ,Debt_Consolidation,B-,12 years,< $40k,CURRENT,0,Apex Mortgage Servicing,2026-07-31,2026-08-01 17:44:07,VERIFIED,Spreadsheet_Manual_Upload
LN-10367,BOR-20367,FHA_30Y,2022-09-13,2052-04-08,322696.39,239338.38,7.721,360,VT,Refinance_RateTerm,B-,2 years,$75k - $120k,CURRENT,0,Beacon Servicing Group,2026-07-29,2026-07-28 17:44:07,VERIFIED,BlackKnight_MSP
LN-10368,BOR-20368,VA_30Y,2021-11-06,2051-06-02,172508.92,141289.03,2.965,360,WA,Purchase,C,17 years,< $40k,CURRENT,0,Beacon Servicing Group,2026-08-09,2026-08-04 17:44:07,VERIFIED,Fiserv_Core
LN-10369,BOR-20369,Auto_Loan,2023-03-06,2042-11-21,279136.57,190003.1,3.315,240,MS,Refinance_CashOut,B+,2 years,$120k - $200k,CURRENT,0,Apex Mortgage Servicing,2026-08-21,2026-08-06 17:44:07,VERIFIED,LOS_Encompass
LN-10370,BOR-20370,Conventional_15Y,2022-04-24,2042-01-09,672430.11,614543.3,7.156,240,AK,Refinance_RateTerm,A+,10 years,$40k - $75k,CURRENT,0,Citadel Loan Partners,2026-07-18,2026-08-05 17:44:07,VERIFIED,Fiserv_Core
LN-10371,BOR-20371,Conventional_15Y,2021-06-02,2041-02-17,160247.21,145815.16,8.26,240,NM,Debt_Consolidation,A,7 years,> $200k,CURRENT,0,Beacon Servicing Group,2026-07-07,2026-08-07 17:44:07,VERIFIED,Spreadsheet_Manual_Upload
LN-10372,BOR-20372,VA_30Y,2021-03-14,2035-12-26,267964.29,170884.82,5.858,180,FL,Refinance_CashOut,A+,16 years,< $40k,DELINQUENT_30,30,Apex Mortgage Servicing,2026-07-25,2026-07-31 17:44:07,VERIFIED,Empower_Origination
LN-10373,BOR-20373,Personal_Installment,2021-12-31,2051-07-27,268708.46,178394.29,6.849,360,RI,Debt_Consolidation,A,15 years,> $200k,CURRENT,0,Delta Servicing Co.,2026-08-15,2026-07-27 17:44:07,VERIFIED,BlackKnight_MSP
LN-10374,BOR-20374,Personal_Installment,2021-08-26,2041-05-13,713213.79,641676.6,7.9,240,IN,Refinance_RateTerm,C+,6 years,$75k - $120k,CURRENT,0,Delta Servicing Co.,2026-07-21,2026-08-24 17:44:07,VERIFIED,LOS_Encompass
LN-10375,BOR-20375,Personal_Installment,2021-12-26,2036-10-08,385056.46,251819.92,4.373,180,SC,Debt_Consolidation,E,5 years,> $200k,DELINQUENT_30,30,Citadel Loan Partners,2026-07-17,2026-07-15 17:44:07,VERIFIED,LOS_Encompass
LN-10376,BOR-20376,Jumbo_30Y,2022-04-18,2051-11-12,330571.53,266207.71,6.32,360,NM,Refinance_CashOut,C,13 years,< $40k,CURRENT,0,Evergreen Capital Servicing,2026-07-25,2026-07-29 17:44:07,VERIFIED,Spreadsheet_Manual_Upload
LN-10377,BOR-20377,ARM_5_1,2022-12-12,2052-07-07,215308.02,154609.61,3.198,360,SD,Debt_Consolidation,C,4 years,> $200k,CURRENT,0,Apex Mortgage Servicing,2026-06-30,2026-07-28 17:44:07,VERIFIED,Empower_Origination
LN-10378,BOR-20378,Jumbo_30Y,2021-03-13,2040-11-28,468781.43,332868.55,6.179,240,LA,Refinance_RateTerm,C,2 years,< $40k,CURRENT,0,Evergreen Capital Servicing,2026-07-04,2026-07-16 17:44:07,VERIFIED,LOS_Encompass
LN-10379,BOR-20379,FHA_30Y,2021-06-02,2050-12-27,367082.09,311276.02,6.29,360,CT,Refinance_CashOut,B+,11 years,$75k - $120k,CURRENT,0,Citadel Loan Partners,2026-07-25,2026-08-03 17:44:07,VERIFIED,LOS_Encompass
LN-10380,BOR-20380,Conventional_30Y,2022-06-07,2052-01-01,332938.19,301427.42,4.442,360,AL,Debt_Consolidation,A+,1 years,> $200k,CURRENT,0,Citadel Loan Partners,2026-06-27,2026-08-24 17:44:07,VERIFIED,Empower_Origination
LN-10381,BOR-20381,Commercial_Mortgage,2022-08-28,2052-03-23,325987.83,273391.47,4.951,360,LA,Home_Improvement,D,7 years,$40k - $75k,CURRENT,0,Delta Servicing Co.,2026-06-29,2026-08-02 17:44:07,VERIFIED,Fiserv_Core
LN-10382,BOR-20382,FHA_30Y,2023-06-13,2043-02-28,519046.26,468700.27,3.163,240,TX,Refinance_CashOut,C,14 years,$40k - $75k,DELINQUENT_120,120,Delta Servicing Co.,2026-07-02,2026-07-12 17:44:07,VERIFIED,Spreadsheet_Manual_Upload
LN-10383,BOR-20383,Commercial_Mortgage,2021-07-04,2051-01-28,368076.05,295033.7,7.465,360,LA,Refinance_RateTerm,B+,6 years,$120k - $200k,CURRENT,0,Beacon Servicing Group,2026-07-07,2026-07-24 17:44:07,VERIFIED,BlackKnight_MSP
LN-10384,BOR-20384,Commercial_Mortgage,2022-08-14,2052-03-09,306879.02,186465.31,6.017,360,SD,Refinance_RateTerm,A,16 years,< $40k,CURRENT,0,Citadel Loan Partners,2026-07-23,2026-07-23 17:44:07,VERIFIED,LOS_Encompass
LN-10385,BOR-20385,Auto_Loan,2021-04-01,2050-10-26,221661.91,161650.94,6.566,360,RI,Purchase,D,10 years,> $200k,DELINQUENT_90,90,Evergreen Capital Servicing,2026-07-03,2026-08-25 17:44:07,VERIFIED,Fiserv_Core
LN-10386,BOR-20386,Personal_Installment,2023-07-17,2053-02-09,378462.67,262337.04,5.171,360,MD,Refinance_RateTerm,A-,2 years,> $200k,CURRENT,0,Evergreen Capital Servicing,2026-08-05,2026-08-22 17:44:07,VERIFIED,Fiserv_Core
LN-10387,BOR-20387,FHA_30Y,2021-02-22,2050-09-18,509423.92,431933.6,6.99,360,TX,Refinance_RateTerm,C,3 years,$40k - $75k,CURRENT,0,Citadel Loan Partners,2026-08-05,2026-08-17 17:44:07,VERIFIED,Spreadsheet_Manual_Upload
LN-10388,BOR-20388,Jumbo_30Y,2023-05-29,2043-02-13,229869.0,158724.5,6.222,240,ID,Refinance_CashOut,C,12 years,$40k - $75k,CURRENT,0,Delta Servicing Co.,2026-08-10,2026-07-23 17:44:07,VERIFIED,LOS_Encompass
LN-10389,BOR-20389,ARM_5_1,2023-09-18,2038-07-01,151549.18,94433.38,3.636,180,NV,Home_Improvement,C+,8 years,$120k - $200k,CURRENT,0,Evergreen Capital Servicing,2026-07-06,2026-08-03 17:44:07,VERIFIED,LOS_Encompass
LN-10390,BOR-20390,Jumbo_30Y,2021-02-23,2035-12-07,167320.28,135602.93,4.483,180,AK,Debt_Consolidation,B+,13 years,$120k - $200k,CURRENT,0,Delta Servicing Co.,2026-08-21,2026-08-07 17:44:07,VERIFIED,Fiserv_Core
LN-10391,BOR-20391,Commercial_Mortgage,2021-11-20,2051-06-16,723233.91,514214.46,2.986,360,KS,Refinance_RateTerm,C+,9 years,$75k - $120k,CURRENT,0,Citadel Loan Partners,2026-07-11,2026-07-19 17:44:07,VERIFIED,Fiserv_Core
LN-10392,BOR-20392,Personal_Installment,2023-02-07,2052-09-02,219257.88,156733.99,7.18,360,MS,Refinance_RateTerm,A-,11 years,> $200k,DELINQUENT_30,30,Apex Mortgage Servicing,2026-08-21,2026-07-30 17:44:07,VERIFIED,LOS_Encompass
LN-10393,BOR-20393,Auto_Loan,2022-12-03,2037-09-15,362159.54,316239.26,4.379,180,WA,Purchase,A+,3 years,< $40k,CURRENT,0,Beacon Servicing Group,2026-07-14,2026-07-16 17:44:07,VERIFIED,LOS_Encompass
LN-10394,BOR-20394,Conventional_15Y,2023-05-27,2038-03-09,473280.05,387339.28,7.142,180,ME,Debt_Consolidation,A-,4 years,$40k - $75k,CURRENT,0,Apex Mortgage Servicing,2026-07-12,2026-07-27 17:44:07,VERIFIED,BlackKnight_MSP
LN-10395,BOR-20395,Commercial_Mortgage,2023-07-15,2053-02-07,517305.44,352004.7,4.23,360,WY,Purchase,B,2 years,$120k - $200k,CURRENT,0,Citadel Loan Partners,2026-06-30,2026-08-09 17:44:07,VERIFIED,Empower_Origination
LN-10396,BOR-20396,Personal_Installment,2022-05-19,2037-03-01,735595.39,647151.67,5.008,180,ME,Home_Improvement,A,5 years,> $200k,CURRENT,0,Apex Mortgage Servicing,2026-07-24,2026-08-09 17:44:07,VERIFIED,LOS_Encompass
LN-10397,BOR-20397,Conventional_30Y,2021-03-14,2035-12-26,449941.19,387980.36,5.314,180,NV,Refinance_CashOut,A+,2 years,$120k - $200k,CURRENT,0,Delta Servicing Co.,2026-07-16,2026-08-25 17:44:07,VERIFIED,Spreadsheet_Manual_Upload
LN-10398,BOR-20398,Personal_Installment,2022-03-23,2041-12-08,332738.93,231347.19,7.421,240,IL,Debt_Consolidation,B+,1 years,$120k - $200k,CURRENT,0,Delta Servicing Co.,2026-08-14,2026-07-20 17:44:07,VERIFIED,Spreadsheet_Manual_Upload
LN-10399,BOR-20399,ARM_5_1,2022-11-30,2042-08-17,261979.65,243819.71,8.483,240,ME,Purchase,B-,18 years,$75k - $120k,DELINQUENT_120,120,Citadel Loan Partners,2026-07-11,2026-08-13 17:44:07,VERIFIED,Empower_Origination
LN-10400,BOR-20400,Auto_Loan,2023-09-18,2038-07-01,318914.57,281649.05,6.751,180,OH,Refinance_RateTerm,C,3 years,$120k - $200k,CURRENT,0,Beacon Servicing Group,2026-08-20,2026-07-19 17:44:07,VERIFIED,Empower_Origination
LN-10401,BOR-20401,Personal_Installment,2021-03-06,2040-11-21,604917.42,438448.58,5.623,240,CT,Purchase,A+,11 years,< $40k,CURRENT,0,Delta Servicing Co.,2026-08-14,2026-08-12 17:44:07,VERIFIED,Spreadsheet_Manual_Upload
LN-10402,BOR-20402,Personal_Installment,2023-06-11,2053-01-04,661978.78,594368.39,6.081,360,IL,Purchase,A-,16 years,< $40k,CURRENT,0,Apex Mortgage Servicing,2026-08-06,2026-07-12 17:44:07,VERIFIED,Empower_Origination
LN-10403,BOR-20403,Conventional_30Y,2022-10-10,2037-07-23,84970.6,71581.95,7.314,180,UT,Debt_Consolidation,A-,3 years,< $40k,DELINQUENT_60,60,Apex Mortgage Servicing,2026-07-01,2026-08-13 17:44:07,VERIFIED,Fiserv_Core
LN-10404,BOR-20404,ARM_5_1,2022-11-26,2052-06-21,331406.03,300823.6,6.684,360,KS,Refinance_CashOut,B-,7 years,< $40k,CURRENT,0,Apex Mortgage Servicing,2026-08-04,2026-08-16 17:44:07,VERIFIED,Fiserv_Core
LN-10405,BOR-20405,FHA_30Y,2022-01-14,2051-08-10,437385.41,348363.73,8.073,360,NY,Refinance_CashOut,A,13 years,$40k - $75k,DELINQUENT_120,120,Apex Mortgage Servicing,2026-08-21,2026-08-25 17:44:07,VERIFIED,Empower_Origination
LN-10406,BOR-20406,Conventional_15Y,2022-10-30,2052-05-25,465611.37,396092.78,6.738,360,WY,Home_Improvement,A-,7 years,$40k - $75k,CURRENT,0,Delta Servicing Co.,2026-08-06,2026-08-14 17:44:07,VERIFIED,Spreadsheet_Manual_Upload
LN-10407,BOR-20407,Conventional_30Y,2021-07-04,2051-01-28,552039.13,406180.77,3.256,360,WI,Refinance_RateTerm,C+,1 years,> $200k,CURRENT,0,Evergreen Capital Servicing,2026-08-15,2026-07-17 17:44:07,VERIFIED,BlackKnight_MSP
LN-10408,BOR-20408,Auto_Loan,2021-08-13,2051-03-09,374951.2,273990.91,3.947,360,FL,Refinance_CashOut,A,5 years,$120k - $200k,CURRENT,0,Apex Mortgage Servicing,2026-08-18,2026-07-15 17:44:07,VERIFIED,BlackKnight_MSP
LN-10409,BOR-20409,Jumbo_30Y,2022-03-22,2037-01-02,225967.25,165885.55,7.868,180,UT,Purchase,A,2 years,> $200k,CURRENT,0,Delta Servicing Co.,2026-07-20,2026-08-18 17:44:07,VERIFIED,LOS_Encompass
LN-10410,BOR-20410,VA_30Y,2022-04-01,2051-10-26,464894.66,388609.95,3.893,360,MT,Refinance_RateTerm,B+,4 years,$75k - $120k,DELINQUENT_60,0,Delta Servicing Co.,2026-06-27,2026-08-13 17:44:07,VERIFIED,Fiserv_Core
LN-10411,BOR-20411,VA_30Y,2022-04-28,2037-02-08,459564.58,427846.0,5.256,180,AZ,Debt_Consolidation,C,6 years,$120k - $200k,CURRENT,0,Beacon Servicing Group,2026-07-12,2026-08-03 17:44:07,VERIFIED,BlackKnight_MSP
LN-10412,BOR-20412,VA_30Y,2021-05-11,2041-01-26,72466.22,54419.74,4.363,240,GA,Home_Improvement,C,14 years,$40k - $75k,CURRENT,0,Citadel Loan Partners,2026-07-14,2026-08-15 17:44:07,VERIFIED,Spreadsheet_Manual_Upload
LN-10413,BOR-20413,FHA_30Y,2023-09-21,2053-04-16,436928.95,379955.25,5.117,360,MS,Home_Improvement,B+,16 years,$120k - $200k,CURRENT,0,Beacon Servicing Group,2026-08-06,2026-08-05 17:44:07,VERIFIED,Fiserv_Core
LN-10414,BOR-20414,VA_30Y,2023-08-27,2053-03-22,154278.79,115586.4,2.779,360,NY,Purchase,C,17 years,< $40k,CURRENT,0,Apex Mortgage Servicing,2026-07-24,2026-07-25 17:44:07,VERIFIED,Empower_Origination
LN-10415,BOR-20415,Conventional_15Y,2023-02-11,2052-09-06,58696.09,40727.74,8.212,360,NC,Refinance_RateTerm,B,8 years,< $40k,DELINQUENT_90,90,Beacon Servicing Group,2026-07-07,2026-07-27 17:44:07,VERIFIED,Spreadsheet_Manual_Upload
LN-10416,BOR-20416,Conventional_30Y,2022-04-20,2042-01-05,590284.51,380161.13,5.081,240,AL,Home_Improvement,A+,3 years,$120k - $200k,CURRENT,0,Apex Mortgage Servicing,2026-08-03,2026-07-29 17:44:07,VERIFIED,BlackKnight_MSP
LN-10417,BOR-20417,Auto_Loan,2023-03-25,2052-10-18,195002.5,138523.38,6.318,360,MN,Purchase,D,12 years,< $40k,DELINQUENT_90,90,Delta Servicing Co.,2026-07-13,2026-08-23 17:44:07,VERIFIED,BlackKnight_MSP
LN-10418,BOR-20418,ARM_5_1,2022-10-26,2037-08-08,441153.32,408749.7,6.829,180,AZ,Refinance_CashOut,B-,8 years,> $200k,DELINQUENT_120,120,Evergreen Capital Servicing,2026-06-27,2026-07-12 17:44:07,VERIFIED,Empower_Origination
LN-10419,BOR-20419,VA_30Y,2021-12-28,2041-09-14,678553.13,525031.78,5.182,240,FL,Purchase,B-,12 years,$120k - $200k,CURRENT,0,Apex Mortgage Servicing,2026-07-22,2026-07-22 17:44:07,VERIFIED,Spreadsheet_Manual_Upload
LN-10420,BOR-20420,Jumbo_30Y,2022-09-28,2042-06-15,307702.1,219804.76,6.736,240,IL,Refinance_CashOut,C,3 years,< $40k,CURRENT,0,Apex Mortgage Servicing,2026-08-15,2026-08-15 17:44:07,VERIFIED,BlackKnight_MSP
LN-10421,BOR-20421,Conventional_15Y,2021-06-01,2050-12-26,397430.11,255846.59,5.744,360,NH,Purchase,B,14 years,> $200k,CURRENT,0,Delta Servicing Co.,2026-07-24,2026-07-15 17:44:07,VERIFIED,LOS_Encompass
LN-10422,BOR-20422,Jumbo_30Y,2021-03-06,2035-12-18,65425.63,43789.62,7.551,180,MS,Refinance_RateTerm,C+,11 years,$75k - $120k,CURRENT,0,Evergreen Capital Servicing,2026-06-29,2026-07-21 17:44:07,VERIFIED,Fiserv_Core
LN-10423,BOR-20423,Personal_Installment,2022-08-04,2042-04-21,142367.98,95917.31,3.737,240,IN,Refinance_CashOut,C,12 years,$75k - $120k,CURRENT,0,Citadel Loan Partners,2026-08-03,2026-07-27 17:44:07,VERIFIED,Empower_Origination
LN-10424,BOR-20424,FHA_30Y,2022-07-03,2052-01-27,249672.61,152144.96,7.576,360,DE,Refinance_CashOut,A-,8 years,< $40k,DELINQUENT_90,90,Evergreen Capital Servicing,2026-08-13,2026-07-28 17:44:07,VERIFIED,BlackKnight_MSP
LN-10425,BOR-20425,ARM_5_1,2021-07-30,2036-05-12,443741.07,416166.48,4.572,180,SC,Refinance_CashOut,B-,15 years,> $200k,CURRENT,0,Apex Mortgage Servicing,2026-08-20,2026-07-31 17:44:07,VERIFIED,Fiserv_Core
LN-10426,BOR-20426,FHA_30Y,2023-08-09,2043-04-26,274152.55,260032.87,6.996,240,AR,Refinance_RateTerm,B,16 years,$75k - $120k,CURRENT,0,Evergreen Capital Servicing,2026-07-10,2026-08-16 17:44:07,VERIFIED,Spreadsheet_Manual_Upload
LN-10427,BOR-20427,Personal_Installment,2022-12-07,2042-08-24,128620.94,100627.44,2.98,240,MT,Debt_Consolidation,A,10 years,< $40k,CURRENT,0,Delta Servicing Co.,2026-07-30,2026-08-20 17:44:07,VERIFIED,BlackKnight_MSP
LN-10428,BOR-20428,Conventional_30Y,2022-10-19,2052-05-14,186604.82,142892.3,7.242,360,WY,Refinance_RateTerm,B+,1 years,< $40k,CURRENT,0,Apex Mortgage Servicing,2026-07-20,2026-07-31 17:44:07,VERIFIED,Empower_Origination
LN-10429,BOR-20429,Personal_Installment,2022-09-10,2042-05-28,473554.48,0.0,7.974,240,AL,Home_Improvement,A-,14 years,$75k - $120k,PAID_OFF,0,Citadel Loan Partners,2026-07-30,2026-08-06 17:44:07,VERIFIED,Fiserv_Core
LN-10430,BOR-20430,Auto_Loan,2021-08-09,2036-05-22,559497.35,444533.44,8.457,180,CT,Refinance_RateTerm,A-,14 years,$120k - $200k,CURRENT,0,Apex Mortgage Servicing,2026-08-12,2026-08-12 17:44:07,VERIFIED,BlackKnight_MSP
LN-10431,BOR-20431,Personal_Installment,2021-12-10,2051-07-06,96281.05,59113.35,7.098,360,PA,Purchase,C+,9 years,$120k - $200k,CURRENT,0,Evergreen Capital Servicing,2026-07-04,2026-08-17 17:44:07,VERIFIED,Empower_Origination
LN-10432,BOR-20432,FHA_30Y,2021-10-24,2041-07-11,437706.85,409351.53,7.501,240,ID,Refinance_RateTerm,C,18 years,$120k - $200k,CURRENT,0,Beacon Servicing Group,2026-08-05,2026-08-06 17:44:07,VERIFIED,Fiserv_Core
LN-10433,BOR-20433,Conventional_15Y,2022-11-13,2052-06-08,674880.57,542600.69,5.578,360,DE,Refinance_CashOut,A+,4 years,$75k - $120k,CURRENT,0,Evergreen Capital Servicing,2026-07-05,2026-08-02 17:44:07,VERIFIED,Spreadsheet_Manual_Upload
LN-10434,BOR-20434,Personal_Installment,2022-03-23,2051-10-17,657842.14,480357.24,5.487,360,DE,Purchase,B-,17 years,> $200k,DELINQUENT_90,90,Beacon Servicing Group,2026-07-15,2026-08-22 17:44:07,VERIFIED,Empower_Origination
LN-10435,BOR-20435,ARM_5_1,2023-06-19,2043-03-06,535298.13,441575.5,3.054,240,AL,Home_Improvement,B-,2 years,$75k - $120k,CURRENT,0,Apex Mortgage Servicing,2026-07-20,2026-08-13 17:44:07,VERIFIED,Empower_Origination
LN-10436,BOR-20436,Conventional_15Y,2023-02-10,2052-09-05,166995.14,139789.56,4.568,360,MT,Refinance_RateTerm,B,12 years,< $40k,CURRENT,0,Beacon Servicing Group,2026-08-21,2026-08-17 17:44:07,VERIFIED,Spreadsheet_Manual_Upload
LN-10437,BOR-20437,Jumbo_30Y,2023-03-09,2042-11-24,389429.32,323573.09,7.987,240,OH,Refinance_CashOut,A-,17 years,$40k - $75k,CURRENT,0,Evergreen Capital Servicing,2026-07-13,2026-07-12 17:44:07,VERIFIED,Spreadsheet_Manual_Upload
LN-10438,BOR-20438,Auto_Loan,2022-07-19,2052-02-12,541585.42,362373.13,5.15,360,IL,Purchase,A-,1 years,$120k - $200k,CURRENT,0,Beacon Servicing Group,2026-06-30,2026-07-28 17:44:07,VERIFIED,Spreadsheet_Manual_Upload
LN-10439,BOR-20439,Auto_Loan,2021-06-26,2041-03-13,546926.42,514074.83,7.434,240,MA,Refinance_CashOut,A-,8 years,$75k - $120k,CURRENT,0,Apex Mortgage Servicing,2026-07-25,2026-07-12 17:44:07,VERIFIED,LOS_Encompass
LN-10440,BOR-20440,Conventional_15Y,2023-03-05,2037-12-16,388978.43,310818.42,3.879,180,NY,Debt_Consolidation,E,2 years,$120k - $200k,DELINQUENT_90,90,Apex Mortgage Servicing,2026-08-17,2026-08-06 17:44:07,VERIFIED,LOS_Encompass
LN-10441,BOR-20441,Conventional_15Y,2023-08-01,2038-05-14,471254.38,350772.98,3.9,180,RI,Refinance_RateTerm,A+,3 years,$40k - $75k,CURRENT,0,Evergreen Capital Servicing,2026-07-30,2026-08-03 17:44:07,VERIFIED,Empower_Origination
LN-10442,BOR-20442,Auto_Loan,2022-09-20,2052-04-15,219275.77,164548.4,3.32,360,ID,Purchase,D,7 years,$40k - $75k,CURRENT,0,Evergreen Capital Servicing,2026-08-21,2026-08-19 17:44:07,VERIFIED,Empower_Origination
LN-10443,BOR-20443,Auto_Loan,2022-05-02,2051-11-26,306524.12,227967.14,5.278,360,OH,Refinance_CashOut,B-,13 years,$120k - $200k,CURRENT,0,Apex Mortgage Servicing,2026-07-04,2026-08-05 17:44:07,VERIFIED,LOS_Encompass
LN-10444,BOR-20444,Personal_Installment,2022-06-17,2037-03-30,145138.66,99159.34,6.802,180,NM,Purchase,A,11 years,$120k - $200k,DELINQUENT_90,90,Delta Servicing Co.,2026-07-14,2026-08-06 17:44:07,VERIFIED,Fiserv_Core
LN-10445,BOR-20445,VA_30Y,2022-02-22,2051-09-18,253412.53,164875.77,3.836,360,IL,Home_Improvement,B-,6 years,< $40k,CURRENT,0,Apex Mortgage Servicing,2026-07-27,2026-07-28 17:44:07,VERIFIED,Spreadsheet_Manual_Upload
LN-10446,BOR-20446,Conventional_15Y,2021-05-27,2036-03-09,326368.02,230656.36,8.371,180,AK,Refinance_CashOut,A,12 years,$40k - $75k,CURRENT,0,Delta Servicing Co.,2026-08-14,2026-08-11 17:44:07,VERIFIED,Fiserv_Core
LN-10447,BOR-20447,Personal_Installment,2023-02-23,2042-11-10,549445.67,410066.95,4.32,240,ME,Home_Improvement,B-,16 years,> $200k,CURRENT,0,Evergreen Capital Servicing,2026-08-04,2026-08-16 17:44:07,VERIFIED,Fiserv_Core
LN-10448,BOR-20448,Conventional_15Y,2021-09-14,2036-06-27,392538.97,341199.73,8.169,180,TX,Purchase,A+,3 years,$120k - $200k,CURRENT,0,Delta Servicing Co.,2026-07-14,2026-07-13 17:44:07,VERIFIED,BlackKnight_MSP
LN-10449,BOR-20449,FHA_30Y,2022-09-29,2042-06-16,486262.83,332574.6,6.551,240,MS,Home_Improvement,C,7 years,$75k - $120k,CURRENT,0,Citadel Loan Partners,2026-07-18,2026-08-04 17:44:07,VERIFIED,Spreadsheet_Manual_Upload
LN-10450,BOR-20450,Auto_Loan,2023-09-03,2038-06-16,584775.43,0.0,7.811,180,GA,Home_Improvement,C,11 years,$120k - $200k,PAID_OFF,0,Beacon Servicing Group,2026-07-17,2026-07-14 17:44:07,EXPIRED,BlackKnight_MSP
LN-10451,BOR-20451,FHA_30Y,2022-03-18,2041-12-03,144141.77,100826.72,5.553,240,GA,Debt_Consolidation,C,18 years,> $200k,CURRENT,0,Beacon Servicing Group,2026-07-20,2026-08-22 17:44:07,VERIFIED,Fiserv_Core
LN-10452,BOR-20452,Jumbo_30Y,2022-08-29,2042-05-16,729609.53,535585.28,4.778,240,MD,Refinance_RateTerm,A+,1 years,> $200k,DELINQUENT_90,90,Citadel Loan Partners,2026-07-01,2026-07-19 17:44:07,VERIFIED,LOS_Encompass
LN-10453,BOR-20453,ARM_5_1,2021-04-10,2040-12-26,349703.73,210808.08,5.119,240,FL,Refinance_CashOut,B+,8 years,$75k - $120k,CURRENT,0,Apex Mortgage Servicing,2026-06-27,2026-08-06 17:44:07,VERIFIED,LOS_Encompass
LN-10454,BOR-20454,ARM_5_1,2021-01-21,2035-11-04,426891.77,399962.51,6.532,180,OK,Debt_Consolidation,D,14 years,$75k - $120k,DELINQUENT_120,120,Evergreen Capital Servicing,2026-08-20,2026-08-05 17:44:07,VERIFIED,Fiserv_Core
LN-10455,BOR-20455,Commercial_Mortgage,2022-08-10,2042-04-27,118407.97,92248.63,6.722,240,AZ,Refinance_RateTerm,C,17 years,$75k - $120k,CURRENT,0,Delta Servicing Co.,2026-08-09,2026-07-25 17:44:07,VERIFIED,LOS_Encompass
LN-10456,BOR-20456,Auto_Loan,2021-10-22,2036-08-04,235608.57,199310.22,6.048,180,MA,Debt_Consolidation,A,4 years,> $200k,CURRENT,0,Evergreen Capital Servicing,2026-07-22,2026-07-29 17:44:07,VERIFIED,Empower_Origination
LN-10457,BOR-20457,ARM_5_1,2022-10-30,2037-08-12,626617.26,484610.85,4.474,180,RI,Debt_Consolidation,B-,7 years,$120k - $200k,CURRENT,0,Delta Servicing Co.,2026-07-10,2026-07-21 17:44:07,VERIFIED,Empower_Origination
LN-10458,BOR-20458,Conventional_30Y,2022-12-22,2052-07-17,411356.88,363932.11,5.62,360,RI,Home_Improvement,B,18 years,> $200k,CURRENT,0,Evergreen Capital Servicing,2026-07-06,2026-07-16 17:44:07,VERIFIED,LOS_Encompass
LN-10459,BOR-20459,Auto_Loan,2022-01-09,2036-10-22,373740.68,323610.51,7.042,180,VT,Refinance_RateTerm,C+,14 years,$75k - $120k,CURRENT,0,Beacon Servicing Group,2026-06-28,2026-07-30 17:44:07,VERIFIED,BlackKnight_MSP
LN-10460,BOR-20460,Jumbo_30Y,2021-06-14,2051-01-08,229512.64,169740.37,5.084,360,GA,Refinance_CashOut,B+,1 years,$40k - $75k,CURRENT,0,Delta Servicing Co.,2026-07-17,2026-07-29 17:44:07,VERIFIED,Fiserv_Core
LN-10461,BOR-20461,Conventional_30Y,2021-06-13,2036-03-26,240898.37,226396.37,7.291,180,MO,Debt_Consolidation,A-,2 years,$120k - $200k,CURRENT,0,Apex Mortgage Servicing,2026-08-01,2026-07-18 17:44:07,VERIFIED,BlackKnight_MSP
LN-10462,BOR-20462,Conventional_15Y,2023-07-08,2043-03-25,304403.97,219140.2,3.269,240,ND,Refinance_CashOut,B+,4 years,> $200k,CURRENT,0,Evergreen Capital Servicing,2026-07-10,2026-07-19 17:44:07,VERIFIED,Spreadsheet_Manual_Upload
LN-10463,BOR-20463,Jumbo_30Y,2023-06-25,2043-03-12,113174.15,83755.95,7.196,240,CO,Refinance_RateTerm,E,13 years,$40k - $75k,CURRENT,0,Apex Mortgage Servicing,2026-08-10,2026-08-12 17:44:07,VERIFIED,BlackKnight_MSP
LN-10464,BOR-20464,Personal_Installment,2021-09-18,2041-06-05,654029.95,608526.54,5.817,240,DE,Purchase,B-,18 years,$120k - $200k,CURRENT,0,Citadel Loan Partners,2026-07-02,2026-08-16 17:44:07,VERIFIED,BlackKnight_MSP
LN-10465,BOR-20465,Personal_Installment,2022-01-12,2051-08-08,624955.76,589098.31,8.309,360,WV,Purchase,A+,8 years,$75k - $120k,CURRENT,0,Citadel Loan Partners,2026-07-01,2026-07-13 17:44:07,VERIFIED,LOS_Encompass
LN-10466,BOR-20466,Auto_Loan,2023-05-29,2038-03-11,359681.96,340707.61,8.274,180,IN,Refinance_RateTerm,A,8 years,$75k - $120k,CURRENT,0,Delta Servicing Co.,2026-07-12,2026-08-05 17:44:07,VERIFIED,Fiserv_Core
LN-10467,BOR-20467,Conventional_30Y,2023-06-07,2043-02-22,106066.19,71826.98,5.577,240,AK,Home_Improvement,B-,14 years,< $40k,CURRENT,0,Evergreen Capital Servicing,2026-08-17,2026-08-03 17:44:07,VERIFIED,Fiserv_Core
LN-10468,BOR-20468,Auto_Loan,2021-12-01,2051-06-27,367283.23,345403.13,3.05,360,ME,Refinance_CashOut,C,5 years,< $40k,CURRENT,0,Citadel Loan Partners,2026-07-16,2026-08-20 17:44:07,VERIFIED,LOS_Encompass
LN-10469,BOR-20469,FHA_30Y,2022-06-13,2037-03-26,549494.76,374391.34,6.483,180,NC,Debt_Consolidation,C+,11 years,$120k - $200k,CURRENT,0,Citadel Loan Partners,2026-08-10,2026-07-13 17:44:07,VERIFIED,Spreadsheet_Manual_Upload
LN-10470,BOR-20470,ARM_5_1,2021-07-23,2041-04-09,109079.27,89591.18,5.013,240,LA,Debt_Consolidation,B+,1 years,< $40k,CURRENT,0,Beacon Servicing Group,2026-08-16,2026-07-27 17:44:07,VERIFIED,Empower_Origination
LN-10471,BOR-20471,Jumbo_30Y,2023-05-23,2052-12-16,168129.17,136123.73,5.216,360,IN,Refinance_CashOut,A,12 years,$40k - $75k,CURRENT,0,Evergreen Capital Servicing,2026-07-25,2026-07-27 17:44:07,VERIFIED,Fiserv_Core
LN-10472,BOR-20472,Conventional_15Y,2023-01-01,2037-10-14,192201.75,118950.14,7.427,180,MO,Refinance_RateTerm,C,13 years,$40k - $75k,CURRENT,0,Beacon Servicing Group,2026-06-30,2026-08-07 17:44:07,VERIFIED,Empower_Origination
LN-10473,BOR-20473,Commercial_Mortgage,2022-02-23,2036-12-06,604724.47,568398.31,8.363,180,TN,Debt_Consolidation,C,8 years,$75k - $120k,CURRENT,0,Apex Mortgage Servicing,2026-08-21,2026-07-26 17:44:07,VERIFIED,Empower_Origination
LN-10474,BOR-20474,ARM_5_1,2022-02-12,2051-09-08,530796.71,371734.14,6.824,360,AK,Debt_Consolidation,B,3 years,< $40k,CURRENT,0,Beacon Servicing Group,2026-07-22,2026-08-03 17:44:07,VERIFIED,Spreadsheet_Manual_Upload
LN-10475,BOR-20475,Conventional_30Y,2021-09-17,2036-06-30,403179.4,329265.25,8.371,180,RI,Refinance_RateTerm,A-,18 years,< $40k,CURRENT,0,Evergreen Capital Servicing,2026-07-21,2026-08-04 17:44:07,VERIFIED,Fiserv_Core
LN-10476,BOR-20476,FHA_30Y,2021-11-21,2036-09-03,547178.9,436908.46,4.247,180,CO,Purchase,A-,16 years,$75k - $120k,CURRENT,0,Citadel Loan Partners,2026-08-05,2026-07-17 17:44:07,VERIFIED,BlackKnight_MSP
LN-10477,BOR-20477,Auto_Loan,2022-03-23,2041-12-08,674870.27,566594.07,8.469,240,VT,Refinance_CashOut,D,15 years,< $40k,CURRENT,0,Beacon Servicing Group,2026-08-19,2026-07-26 17:44:07,VERIFIED,BlackKnight_MSP
LN-10478,BOR-20478,FHA_30Y,2022-04-24,2051-11-18,355500.91,213897.57,8.081,360,NY,Home_Improvement,B-,18 years,$120k - $200k,CURRENT,0,Beacon Servicing Group,2026-08-14,2026-08-03 17:44:07,VERIFIED,LOS_Encompass
LN-10479,BOR-20479,VA_30Y,2021-07-04,2041-03-21,634467.56,436210.51,7.48,240,NE,Debt_Consolidation,B+,1 years,> $200k,CURRENT,0,Apex Mortgage Servicing,2026-08-06,2026-07-25 17:44:07,VERIFIED,LOS_Encompass
LN-10480,BOR-20480,ARM_5_1,2021-10-19,2036-08-01,526918.64,375048.15,5.016,180,ID,Purchase,B-,5 years,< $40k,DELINQUENT_120,120,Delta Servicing Co.,2026-07-12,2026-08-08 17:44:07,VERIFIED,Spreadsheet_Manual_Upload
LN-10481,BOR-20481,Conventional_30Y,2023-09-21,2043-06-08,80692.9,59081.11,5.355,240,ND,Debt_Consolidation,A-,7 years,< $40k,CURRENT,0,Apex Mortgage Servicing,2026-07-05,2026-08-21 17:44:07,VERIFIED,Spreadsheet_Manual_Upload
LN-10482,BOR-20482,Commercial_Mortgage,2022-02-13,2036-11-26,228614.73,197973.94,7.183,180,KY,Purchase,A+,7 years,$40k - $75k,CURRENT,0,Beacon Servicing Group,2026-08-14,2026-08-06 17:44:07,VERIFIED,Fiserv_Core
LN-10483,BOR-20483,Commercial_Mortgage,2023-04-06,2052-10-30,695189.87,440536.96,6.22,360,SC,Purchase,B-,17 years,$40k - $75k,CURRENT,0,Delta Servicing Co.,2026-08-04,2026-07-20 17:44:07,VERIFIED,Spreadsheet_Manual_Upload
LN-10484,BOR-20484,Commercial_Mortgage,2023-02-14,2037-11-27,345775.44,283922.23,3.822,180,NH,Home_Improvement,A,2 years,> $200k,CURRENT,0,Beacon Servicing Group,2026-07-11,2026-07-13 17:44:07,VERIFIED,Empower_Origination
LN-10485,BOR-20485,Personal_Installment,2022-10-07,2052-05-02,503057.77,463120.25,5.442,360,PA,Home_Improvement,B,5 years,$40k - $75k,CURRENT,0,Beacon Servicing Group,2026-07-19,2026-07-29 17:44:07,VERIFIED,BlackKnight_MSP
LN-10486,BOR-20486,Conventional_30Y,2021-03-20,2050-10-14,692111.41,533136.82,5.686,360,OR,Purchase,C,9 years,$75k - $120k,CURRENT,0,Evergreen Capital Servicing,2026-08-20,2026-08-18 17:44:07,VERIFIED,Fiserv_Core
LN-10487,BOR-20487,FHA_30Y,2023-05-14,2038-02-24,325070.14,299340.29,7.791,180,WI,Refinance_RateTerm,E,15 years,$120k - $200k,CURRENT,0,Beacon Servicing Group,2026-08-08,2026-08-14 17:44:07,VERIFIED,LOS_Encompass
LN-10488,BOR-20488,Jumbo_30Y,2021-04-19,2050-11-13,353659.24,333758.72,5.021,360,CA,Refinance_CashOut,C,15 years,$120k - $200k,CURRENT,0,Evergreen Capital Servicing,2026-07-06,2026-07-25 17:44:07,VERIFIED,BlackKnight_MSP
LN-10489,BOR-20489,ARM_5_1,2022-11-21,2052-06-16,724199.13,516871.2,7.377,360,PA,Refinance_CashOut,A-,1 years,$40k - $75k,DELINQUENT_30,30,Beacon Servicing Group,2026-06-28,2026-08-24 17:44:07,VERIFIED,Empower_Origination
LN-10490,BOR-20490,Personal_Installment,2021-05-29,2050-12-23,504817.88,402579.15,6.35,360,KS,Refinance_CashOut,A,10 years,$120k - $200k,CURRENT,0,Apex Mortgage Servicing,2026-08-11,2026-08-16 17:44:07,VERIFIED,Fiserv_Core
LN-10491,BOR-20491,Personal_Installment,2021-01-21,2040-10-08,651857.51,485745.19,3.908,240,NE,Home_Improvement,A+,11 years,< $40k,DELINQUENT_120,120,Delta Servicing Co.,2026-06-28,2026-07-25 17:44:07,VERIFIED,Spreadsheet_Manual_Upload
LN-10492,BOR-20492,Auto_Loan,2021-02-07,2040-10-25,391247.56,305120.15,6.148,240,HI,Home_Improvement,B+,2 years,> $200k,DELINQUENT_90,90,Evergreen Capital Servicing,2026-08-17,2026-08-08 17:44:07,VERIFIED,Fiserv_Core
LN-10493,BOR-20493,Personal_Installment,2022-05-22,2037-03-04,485887.68,351703.51,5.328,180,OK,Purchase,A-,10 years,$40k - $75k,CURRENT,0,Evergreen Capital Servicing,2026-08-07,2026-07-19 17:44:07,VERIFIED,BlackKnight_MSP
LN-10494,BOR-20494,Personal_Installment,2023-06-24,2038-04-06,255375.83,179022.33,8.269,180,MT,Refinance_RateTerm,C,6 years,> $200k,CURRENT,0,Apex Mortgage Servicing,2026-07-10,2026-07-26 17:44:07,VERIFIED,Empower_Origination
LN-10495,BOR-20495,FHA_30Y,2021-06-10,2036-03-23,474024.31,433582.31,5.142,180,NV,Refinance_RateTerm,B+,7 years,> $200k,DELINQUENT_30,30,Citadel Loan Partners,2026-08-05,2026-08-03 17:44:07,VERIFIED,Empower_Origination
LN-10496,BOR-20496,FHA_30Y,2021-02-02,2050-08-29,614770.88,511362.01,3.405,360,MA,Purchase,D,8 years,$120k - $200k,CURRENT,0,Citadel Loan Partners,2026-07-03,2026-08-23 17:44:07,VERIFIED,Spreadsheet_Manual_Upload
LN-10497,BOR-20497,Jumbo_30Y,2023-05-24,2038-03-06,533094.91,410277.52,6.6,180,SD,Purchase,C,15 years,< $40k,CURRENT,0,Evergreen Capital Servicing,2026-07-02,2026-08-19 17:44:07,VERIFIED,Spreadsheet_Manual_Upload
LN-10498,BOR-20498,Conventional_30Y,2021-04-18,2050-11-12,166932.41,151688.01,3.931,360,AL,Refinance_CashOut,B,15 years,> $200k,CURRENT,0,Beacon Servicing Group,2026-07-11,2026-08-02 17:44:07,VERIFIED,BlackKnight_MSP
LN-10499,BOR-20499,FHA_30Y,2023-05-19,2038-03-01,191323.23,116827.16,7.173,180,CA,Refinance_CashOut,C,11 years,$75k - $120k,CURRENT,0,Citadel Loan Partners,2026-07-07,2026-07-30 17:44:07,VERIFIED,BlackKnight_MSP
LN-10500,BOR-20500,VA_30Y,2023-02-11,2037-11-24,577455.02,463348.31,4.062,180,OK,Home_Improvement,C+,15 years,> $200k,CURRENT,0,Apex Mortgage Servicing,2026-07-24,2026-08-16 17:44:07,VERIFIED,LOS_Encompass
LN-10501,BOR-20501,Auto_Loan,2021-03-28,2036-01-09,286812.54,232152.44,7.191,180,OK,Purchase,C+,2 years,$40k - $75k,CURRENT,0,Evergreen Capital Servicing,2026-08-03,2026-07-30 17:44:07,VERIFIED,Fiserv_Core
LN-10502,BOR-20502,Auto_Loan,2023-01-09,2042-09-26,569888.25,360037.84,2.795,240,MO,Debt_Consolidation,E,5 years,$120k - $200k,CURRENT,0,Evergreen Capital Servicing,2026-07-13,2026-07-17 17:44:07,VERIFIED,Fiserv_Core
LN-10503,BOR-20503,ARM_5_1,2022-02-19,2051-09-15,592780.23,380362.69,3.235,360,KS,Refinance_RateTerm,C+,5 years,> $200k,CURRENT,0,Apex Mortgage Servicing,2026-07-20,2026-07-21 17:44:07,VERIFIED,BlackKnight_MSP
LN-10504,BOR-20504,Auto_Loan,2023-02-15,2042-11-02,494979.85,466173.21,7.869,240,KS,Debt_Consolidation,B,8 years,$75k - $120k,CURRENT,0,Apex Mortgage Servicing,2026-07-06,2026-08-22 17:44:07,VERIFIED,BlackKnight_MSP
LN-10505,BOR-20505,Jumbo_30Y,2022-06-04,2051-12-29,298131.34,278244.04,6.493,360,GA,Home_Improvement,B,1 years,$120k - $200k,CURRENT,0,Evergreen Capital Servicing,2026-07-16,2026-07-16 17:44:07,VERIFIED,Spreadsheet_Manual_Upload
LN-10506,BOR-20506,VA_30Y,2021-11-03,2041-07-21,249174.85,168273.7,6.86,240,MT,Refinance_CashOut,C+,17 years,$40k - $75k,DELINQUENT_60,60,Citadel Loan Partners,2026-07-23,2026-08-19 17:44:07,VERIFIED,Empower_Origination
LN-10507,BOR-20507,Commercial_Mortgage,2021-03-25,2040-12-10,114574.03,91806.98,3.498,240,AZ,Home_Improvement,A,12 years,> $200k,CURRENT,0,Delta Servicing Co.,2026-06-27,2026-08-09 17:44:07,VERIFIED,Spreadsheet_Manual_Upload
LN-10508,BOR-20508,Personal_Installment,2022-03-10,2051-10-04,747558.24,529901.99,8.2,360,ND,Home_Improvement,A-,5 years,> $200k,CURRENT,0,Beacon Servicing Group,2026-07-07,2026-07-24 17:44:07,VERIFIED,Spreadsheet_Manual_Upload
LN-10509,BOR-20509,Conventional_15Y,2021-08-06,2051-03-02,368802.66,346153.53,3.652,360,NM,Refinance_RateTerm,A,14 years,< $40k,CURRENT,0,Apex Mortgage Servicing,2026-07-19,2026-08-16 17:44:07,VERIFIED,LOS_Encompass
LN-10510,BOR-20510,ARM_5_1,2022-01-19,2041-10-06,262282.06,204560.61,7.299,240,MI,Debt_Consolidation,C+,2 years,$75k - $120k,CURRENT,0,Delta Servicing Co.,2026-08-21,2026-08-18 17:44:07,VERIFIED,Spreadsheet_Manual_Upload
LN-10511,BOR-20511,ARM_5_1,2023-06-11,2038-03-24,81277.73,63525.72,4.531,180,CT,Refinance_RateTerm,C+,16 years,> $200k,CURRENT,0,Delta Servicing Co.,2026-07-04,2026-07-28 17:44:07,VERIFIED,Fiserv_Core
LN-10512,BOR-20512,FHA_30Y,2021-11-30,2051-06-26,112520.49,82289.65,6.336,360,LA,Refinance_CashOut,C+,11 years,> $200k,DELINQUENT_120,120,Citadel Loan Partners,2026-07-11,2026-08-20 17:44:07,VERIFIED,Empower_Origination
LN-10513,BOR-20513,Conventional_30Y,2022-10-08,2052-05-03,607311.15,426581.67,5.976,360,GA,Debt_Consolidation,A,7 years,> $200k,CURRENT,0,Evergreen Capital Servicing,2026-07-19,2026-08-13 17:44:07,VERIFIED,Fiserv_Core
LN-10514,BOR-20514,Auto_Loan,2021-05-04,2036-02-15,510778.09,390157.43,8.284,180,MO,Refinance_CashOut,B+,15 years,< $40k,CURRENT,0,Delta Servicing Co.,2026-07-15,2026-08-23 17:44:07,VERIFIED,Fiserv_Core
LN-10515,BOR-20515,Conventional_30Y,2022-03-24,2041-12-09,176355.6,166052.92,5.785,240,LA,Refinance_RateTerm,A,4 years,< $40k,CURRENT,0,Beacon Servicing Group,2026-08-05,2026-08-20 17:44:07,VERIFIED,Empower_Origination
LN-10516,BOR-20516,Jumbo_30Y,2022-11-26,2042-08-13,168433.73,123787.61,4.62,240,TX,Purchase,B,13 years,< $40k,CURRENT,0,Citadel Loan Partners,2026-08-05,2026-08-01 17:44:07,VERIFIED,LOS_Encompass
LN-10517,BOR-20517,Conventional_30Y,2021-09-03,2036-06-16,576493.62,429424.23,5.585,180,VT,Debt_Consolidation,C+,4 years,$75k - $120k,DELINQUENT_120,120,Evergreen Capital Servicing,2026-07-26,2026-08-21 17:44:07,VERIFIED,Fiserv_Core
LN-10518,BOR-20518,Conventional_30Y,2022-10-11,2042-06-28,213618.32,136682.71,4.298,240,ID,Purchase,B+,18 years,$40k - $75k,CURRENT,0,Apex Mortgage Servicing,2026-06-28,2026-07-16 17:44:07,VERIFIED,Spreadsheet_Manual_Upload
LN-10519,BOR-20519,VA_30Y,2022-01-18,2036-10-31,428307.83,381679.71,4.16,180,OK,Debt_Consolidation,C,2 years,< $40k,CURRENT,0,Evergreen Capital Servicing,2026-08-03,2026-07-15 17:44:07,VERIFIED,Empower_Origination
LN-10520,BOR-20520,Conventional_30Y,2023-08-14,2038-05-27,695267.5,593997.6,4.193,180,MT,Home_Improvement,B-,7 years,> $200k,CURRENT,0,Beacon Servicing Group,2026-07-05,2022-11-04 14:22:10,VERIFIED,Spreadsheet_Manual_Upload
LN-10521,BOR-20521,Conventional_15Y,2021-04-02,2040-12-18,326713.43,296315.38,3.553,240,NM,Refinance_RateTerm,C+,7 years,> $200k,CURRENT,0,Citadel Loan Partners,2026-07-12,2026-08-09 17:44:07,VERIFIED,Fiserv_Core
LN-10522,BOR-20522,Jumbo_30Y,2022-11-10,2037-08-23,738115.36,0.0,5.394,180,WV,Refinance_RateTerm,A+,5 years,< $40k,PAID_OFF,0,Apex Mortgage Servicing,2026-07-09,2026-08-14 17:44:07,VERIFIED,Fiserv_Core
LN-10523,BOR-20523,Auto_Loan,2022-12-22,2052-07-17,392283.7,318739.58,3.217,360,ME,Purchase,D,1 years,$120k - $200k,CURRENT,0,Delta Servicing Co.,2026-06-30,2026-07-18 17:44:07,VERIFIED,BlackKnight_MSP
LN-10524,BOR-20524,Commercial_Mortgage,2023-05-10,2038-02-20,587576.09,0.0,2.798,180,UT,Refinance_RateTerm,B+,15 years,< $40k,PAID_OFF,0,Citadel Loan Partners,2026-07-09,2026-08-03 17:44:07,VERIFIED,Empower_Origination
LN-10525,BOR-20525,Conventional_15Y,2022-10-03,2052-04-28,262224.97,183234.07,4.097,360,NV,Refinance_RateTerm,A+,9 years,$120k - $200k,CURRENT,0,Beacon Servicing Group,2026-08-21,2026-08-13 17:44:07,VERIFIED,Fiserv_Core
LN-10526,BOR-20526,Conventional_15Y,2022-08-06,2042-04-23,400227.95,356336.16,3.864,240,AK,Debt_Consolidation,E,6 years,< $40k,CURRENT,0,Beacon Servicing Group,2026-08-05,2026-07-20 17:44:07,VERIFIED,Empower_Origination
LN-10527,BOR-20527,Auto_Loan,2023-03-13,2052-10-06,242029.58,0.0,2.883,360,DE,Debt_Consolidation,E,9 years,> $200k,PAID_OFF,0,Delta Servicing Co.,2026-07-11,2026-07-13 17:44:07,VERIFIED,LOS_Encompass
LN-10528,BOR-20528,ARM_5_1,2023-05-15,2043-01-30,746574.53,637640.0,6.661,240,UT,Home_Improvement,B-,17 years,< $40k,CURRENT,0,Citadel Loan Partners,2026-07-26,2026-07-22 17:44:07,VERIFIED,Fiserv_Core
LN-10529,BOR-20529,ARM_5_1,2022-02-06,2036-11-19,186225.7,171582.19,6.038,180,TX,Refinance_CashOut,C+,3 years,$40k - $75k,CURRENT,0,Apex Mortgage Servicing,2026-07-12,2026-07-16 17:44:07,VERIFIED,LOS_Encompass
LN-10530,BOR-20530,Conventional_30Y,2022-03-19,2041-12-04,615641.35,457184.03,6.351,240,MN,Refinance_RateTerm,B+,4 years,$120k - $200k,CURRENT,0,Apex Mortgage Servicing,2026-06-30,2026-08-04 17:44:07,VERIFIED,Spreadsheet_Manual_Upload
LN-10531,BOR-20531,VA_30Y,2023-03-06,2037-12-17,469975.29,374342.22,3.3,180,CT,Debt_Consolidation,A,3 years,< $40k,CURRENT,0,Apex Mortgage Servicing,2026-07-02,2026-08-17 17:44:07,VERIFIED,LOS_Encompass
LN-10532,BOR-20532,Personal_Installment,2021-11-05,2036-08-18,477517.05,381467.53,3.336,180,FL,Debt_Consolidation,A+,10 years,$120k - $200k,CURRENT,0,Delta Servicing Co.,2026-08-07,2026-07-18 17:44:07,VERIFIED,Spreadsheet_Manual_Upload
LN-10533,BOR-20533,Conventional_30Y,2022-01-29,2041-10-16,374946.37,300018.21,6.316,240,OH,Refinance_RateTerm,A+,15 years,> $200k,CURRENT,0,Apex Mortgage Servicing,2026-08-21,2026-07-18 17:44:07,VERIFIED,LOS_Encompass
LN-10534,BOR-20534,VA_30Y,2021-05-10,2050-12-04,496154.61,426841.74,5.171,360,ND,Debt_Consolidation,C,6 years,$40k - $75k,CURRENT,0,Beacon Servicing Group,2026-08-02,2026-07-19 17:44:07,VERIFIED,Fiserv_Core
LN-10535,BOR-20535,Auto_Loan,2023-02-12,2052-09-07,300420.55,224028.69,5.862,360,MI,Refinance_CashOut,C,10 years,> $200k,CURRENT,0,Apex Mortgage Servicing,2026-07-19,2026-07-19 17:44:07,VERIFIED,Empower_Origination
LN-10536,BOR-20536,Conventional_30Y,2022-06-04,2037-03-17,623428.65,470185.23,3.064,180,SC,Refinance_CashOut,B+,7 years,< $40k,CURRENT,0,Delta Servicing Co.,2026-07-14,2026-07-12 17:44:07,VERIFIED,BlackKnight_MSP
LN-10537,BOR-20537,ARM_5_1,2021-11-03,2051-05-30,343086.7,306445.73,5.362,360,NY,Home_Improvement,B+,1 years,$40k - $75k,CURRENT,0,Beacon Servicing Group,2026-08-06,2026-07-26 17:44:07,VERIFIED,BlackKnight_MSP
LN-10538,BOR-20538,Commercial_Mortgage,2022-02-14,2036-11-27,178971.16,108016.73,4.836,180,IL,Refinance_RateTerm,A+,18 years,< $40k,CURRENT,0,Evergreen Capital Servicing,2026-07-04,2026-08-02 17:44:07,VERIFIED,LOS_Encompass
LN-10539,BOR-20539,Conventional_30Y,2021-07-22,2036-05-04,248870.62,217355.94,4.256,180,VA,Refinance_RateTerm,D,8 years,$40k - $75k,CURRENT,0,Citadel Loan Partners,2026-08-15,2026-08-24 17:44:07,VERIFIED,Empower_Origination
LN-10540,BOR-20540,Commercial_Mortgage,2023-03-18,2052-10-11,669508.07,556740.05,3.959,360,UT,Refinance_CashOut,B-,12 years,$40k - $75k,CURRENT,0,Evergreen Capital Servicing,2026-07-25,2026-08-21 17:44:07,VERIFIED,LOS_Encompass
LN-10541,BOR-20541,FHA_30Y,2023-03-25,2038-01-05,182748.79,139548.05,6.743,180,CO,Debt_Consolidation,C+,8 years,< $40k,CURRENT,0,Evergreen Capital Servicing,2026-08-03,2026-08-16 17:44:07,VERIFIED,BlackKnight_MSP
LN-10542,BOR-20542,VA_30Y,2022-10-07,2037-07-20,606928.34,391166.52,7.646,180,ID,Home_Improvement,B+,3 years,$120k - $200k,CURRENT,0,Beacon Servicing Group,2026-07-20,2026-08-01 17:44:07,VERIFIED,Spreadsheet_Manual_Upload
LN-10543,BOR-20543,ARM_5_1,2022-06-16,2042-03-03,374987.09,313999.9,4.9,240,DE,Home_Improvement,C,16 years,$75k - $120k,CURRENT,0,Evergreen Capital Servicing,2026-07-11,2026-08-23 17:44:07,VERIFIED,Empower_Origination
LN-10544,BOR-20544,VA_30Y,2022-04-08,2037-01-19,654217.78,530855.21,4.509,180,LA,Debt_Consolidation,A-,12 years,$75k - $120k,CURRENT,0,Apex Mortgage Servicing,2026-08-03,2026-07-28 17:44:07,VERIFIED,Spreadsheet_Manual_Upload
LN-10545,BOR-20545,ARM_5_1,2022-08-21,2037-06-03,78800.05,60731.85,4.684,180,CT,Home_Improvement,C+,14 years,$75k - $120k,CURRENT,0,Delta Servicing Co.,2026-08-20,2026-08-14 17:44:07,VERIFIED,Fiserv_Core
LN-10546,BOR-20546,VA_30Y,2022-10-23,2042-07-10,103121.91,65429.15,4.443,240,AR,Debt_Consolidation,D,3 years,$75k - $120k,CURRENT,0,Apex Mortgage Servicing,2026-07-29,2026-08-23 17:44:07,VERIFIED,Spreadsheet_Manual_Upload
LN-10547,BOR-20547,VA_30Y,2021-07-21,2041-04-07,522575.13,0.0,7.035,240,WY,Refinance_RateTerm,B+,5 years,> $200k,PAID_OFF,0,Citadel Loan Partners,2026-08-03,2026-08-03 17:44:07,VERIFIED,Fiserv_Core
LN-10548,BOR-20548,Commercial_Mortgage,2023-02-15,2052-09-10,508715.96,399239.57,5.698,360,VT,Refinance_CashOut,C+,8 years,$40k - $75k,CURRENT,0,Beacon Servicing Group,2026-07-19,2026-07-19 17:44:07,VERIFIED,Spreadsheet_Manual_Upload
LN-10549,BOR-20549,Personal_Installment,2023-04-14,2052-11-07,372980.8,250952.59,4.55,360,WA,Home_Improvement,C+,7 years,$120k - $200k,CURRENT,0,Citadel Loan Partners,2026-08-13,2026-07-20 17:44:07,VERIFIED,Empower_Origination
LN-10550,BOR-20550,Jumbo_30Y,2021-01-10,2050-08-06,399860.15,287660.65,4.789,360,MA,Home_Improvement,C+,13 years,> $200k,CURRENT,0,Evergreen Capital Servicing,2026-07-02,2026-08-23 17:44:07,VERIFIED,Empower_Origination
LN-10551,BOR-20551,FHA_30Y,2022-08-05,2042-04-22,490887.51,362740.85,6.245,240,KY,Home_Improvement,B+,13 years,< $40k,CURRENT,0,Apex Mortgage Servicing,2026-07-31,2026-07-20 17:44:07,VERIFIED,Fiserv_Core
LN-10552,BOR-20552,Jumbo_30Y,2021-06-25,2036-04-07,123019.22,93061.9,2.934,180,DE,Debt_Consolidation,C,1 years,$40k - $75k,CURRENT,0,Delta Servicing Co.,2026-08-03,2026-08-12 17:44:07,VERIFIED,Empower_Origination
LN-10553,BOR-20553,Jumbo_30Y,2022-06-21,2052-01-15,98985.6,92045.86,5.732,360,NJ,Refinance_RateTerm,C+,13 years,$40k - $75k,CURRENT,0,Delta Servicing Co.,2026-07-22,2026-08-21 17:44:07,VERIFIED,Fiserv_Core
LN-10554,BOR-20554,VA_30Y,2023-06-11,2038-03-24,193973.9,154932.73,6.831,180,IA,Refinance_CashOut,E,10 years,> $200k,CURRENT,0,Delta Servicing Co.,2026-08-04,2026-08-13 17:44:07,VERIFIED,LOS_Encompass
LN-10555,BOR-20555,FHA_30Y,2021-03-07,2040-11-22,627207.84,463069.42,4.169,240,MN,Debt_Consolidation,C,15 years,$120k - $200k,CURRENT,0,Citadel Loan Partners,2026-07-11,2026-07-27 17:44:07,VERIFIED,BlackKnight_MSP
LN-10556,BOR-20556,Jumbo_30Y,2022-09-20,2042-06-07,626400.72,408760.7,5.137,240,VA,Debt_Consolidation,C+,15 years,$120k - $200k,CURRENT,0,Evergreen Capital Servicing,2026-08-15,2026-07-31 17:44:07,VERIFIED,LOS_Encompass
LN-10557,BOR-20557,VA_30Y,2021-10-08,2036-07-21,667789.08,508716.29,6.583,180,IL,Refinance_CashOut,C,14 years,> $200k,CURRENT,0,Apex Mortgage Servicing,2026-07-20,2026-08-05 17:44:07,VERIFIED,Fiserv_Core
LN-10558,BOR-20558,Personal_Installment,2021-09-16,2036-06-29,195160.47,182353.59,2.904,180,NH,Home_Improvement,C+,11 years,$120k - $200k,CURRENT,0,Apex Mortgage Servicing,2026-08-05,2026-08-18 17:44:07,VERIFIED,Empower_Origination
LN-10559,BOR-20559,ARM_5_1,2023-02-06,2052-09-01,374971.88,295674.72,3.225,360,RI,Refinance_CashOut,C,5 years,$120k - $200k,CURRENT,0,Beacon Servicing Group,2026-06-29,2026-08-24 17:44:07,VERIFIED,Spreadsheet_Manual_Upload
LN-10560,BOR-20560,Conventional_15Y,2021-10-29,2036-08-11,136905.97,94532.71,3.719,180,CAL,Purchase,B,5 years,$120k - $200k,CURRENT,0,Apex Mortgage Servicing,2026-07-09,2026-07-22 17:44:07,VERIFIED,Empower_Origination
LN-10561,BOR-20561,Personal_Installment,2021-02-18,2050-09-14,635550.8,423258.31,6.436,360,SD,Purchase,C+,10 years,$120k - $200k,DELINQUENT_30,30,Apex Mortgage Servicing,2026-07-03,2026-08-01 17:44:07,VERIFIED,Empower_Origination
LN-10562,BOR-20562,VA_30Y,2023-07-20,2043-04-06,216978.23,199189.22,5.175,240,CA,Refinance_RateTerm,B+,3 years,$40k - $75k,CURRENT,0,Beacon Servicing Group,2026-07-06,2026-08-15 17:44:07,VERIFIED,LOS_Encompass
LN-10563,BOR-20563,Commercial_Mortgage,2021-04-21,2050-11-15,620937.04,519762.89,6.354,360,HI,Refinance_CashOut,D,13 years,$120k - $200k,CURRENT,0,Citadel Loan Partners,2026-08-01,2026-08-14 17:44:07,VERIFIED,LOS_Encompass
LN-10564,BOR-20564,Commercial_Mortgage,2021-11-20,2051-06-16,58386.96,51119.61,4.016,360,RI,Refinance_RateTerm,E,12 years,< $40k,DELINQUENT_60,60,Delta Servicing Co.,2026-08-02,2026-07-18 17:44:07,VERIFIED,Fiserv_Core
LN-10565,BOR-20565,Conventional_15Y,2022-07-04,2052-01-28,603881.84,378767.75,6.023,360,IN,Purchase,E,11 years,$120k - $200k,CURRENT,0,Beacon Servicing Group,2026-07-31,2026-08-14 17:44:07,VERIFIED,BlackKnight_MSP
LN-10566,BOR-20566,Personal_Installment,2021-12-10,2036-09-22,62354.16,39330.75,5.331,180,AR,Refinance_CashOut,D,1 years,$40k - $75k,DELINQUENT_30,30,Citadel Loan Partners,2026-08-06,2026-07-29 17:44:07,VERIFIED,Empower_Origination
LN-10567,BOR-20567,Conventional_15Y,2021-05-21,2036-03-03,312166.54,264150.6,3.622,180,AZ,Purchase,B+,15 years,$75k - $120k,CURRENT,0,Apex Mortgage Servicing,2026-07-19,2026-07-30 17:44:07,VERIFIED,BlackKnight_MSP
LN-10568,BOR-20568,Conventional_30Y,2023-05-18,2038-02-28,563011.19,467324.65,3.933,180,FL,Refinance_CashOut,B+,13 years,> $200k,CURRENT,0,Apex Mortgage Servicing,2026-08-17,2026-07-25 17:44:07,VERIFIED,LOS_Encompass
LN-10569,BOR-20569,VA_30Y,2022-10-12,2037-07-25,744408.8,462727.42,3.472,180,VA,Debt_Consolidation,D,7 years,$40k - $75k,CURRENT,0,Delta Servicing Co.,2026-08-02,2026-08-15 17:44:07,VERIFIED,Empower_Origination
LN-10570,BOR-20570,VA_30Y,2021-06-30,2041-03-17,474095.86,400096.49,6.064,240,NH,Refinance_CashOut,B,16 years,< $40k,CURRENT,0,Delta Servicing Co.,2026-08-11,2026-07-26 17:44:07,VERIFIED,Fiserv_Core
LN-10571,BOR-20571,Commercial_Mortgage,2022-09-17,2052-04-12,564449.67,386019.47,7.463,360,IA,Purchase,C+,14 years,< $40k,CURRENT,0,Evergreen Capital Servicing,2026-07-18,2026-08-16 17:44:07,VERIFIED,Spreadsheet_Manual_Upload
LN-10572,BOR-20572,FHA_30Y,2022-01-25,2041-10-12,374555.86,296363.17,4.907,240,WV,Home_Improvement,A,11 years,$40k - $75k,CURRENT,0,Beacon Servicing Group,2026-08-21,2026-08-25 17:44:07,VERIFIED,Spreadsheet_Manual_Upload
LN-10573,BOR-20573,ARM_5_1,2022-02-19,2041-11-06,697983.75,433378.29,8.33,240,AL,Home_Improvement,C,10 years,> $200k,DELINQUENT_30,30,Apex Mortgage Servicing,2026-07-28,2026-07-20 17:44:07,VERIFIED,Empower_Origination
LN-10574,BOR-20574,VA_30Y,2023-09-08,2043-05-26,228680.89,144164.98,6.903,240,AR,Home_Improvement,B-,2 years,$120k - $200k,CURRENT,0,Beacon Servicing Group,2026-07-22,2026-08-23 17:44:07,VERIFIED,BlackKnight_MSP
LN-10575,BOR-20575,Conventional_30Y,2022-11-13,2052-06-08,501733.48,430755.38,5.369,360,MT,Refinance_CashOut,B,8 years,> $200k,CURRENT,0,Beacon Servicing Group,2026-08-21,2026-08-18 17:44:07,VERIFIED,LOS_Encompass
LN-10576,BOR-20576,Commercial_Mortgage,2022-12-25,2042-09-11,460312.3,292137.9,5.732,240,WA,Home_Improvement,A-,14 years,$75k - $120k,CURRENT,0,Evergreen Capital Servicing,2026-07-10,2026-08-01 17:44:07,VERIFIED,Spreadsheet_Manual_Upload
LN-10577,BOR-20577,Jumbo_30Y,2022-02-26,2051-09-22,576723.58,361310.28,7.749,360,OH,Debt_Consolidation,B-,5 years,$75k - $120k,CURRENT,0,Delta Servicing Co.,2026-07-08,2026-08-06 17:44:07,VERIFIED,LOS_Encompass
LN-10578,BOR-20578,FHA_30Y,2021-01-02,2040-09-19,117809.46,80014.98,5.153,240,OR,Refinance_RateTerm,C+,6 years,$40k - $75k,CURRENT,0,Beacon Servicing Group,2026-07-21,2026-08-14 17:44:07,VERIFIED,Spreadsheet_Manual_Upload
LN-10579,BOR-20579,Conventional_15Y,2022-08-04,2042-04-21,620059.32,548769.04,3.089,240,VA,Refinance_CashOut,B,14 years,$120k - $200k,CURRENT,0,Beacon Servicing Group,2026-08-16,2026-08-07 17:44:07,VERIFIED,LOS_Encompass
LN-10580,BOR-20580,Commercial_Mortgage,2021-10-11,2036-07-24,94983.71,0.0,4.1,180,NV,Purchase,A+,2 years,$75k - $120k,PAID_OFF,0,Evergreen Capital Servicing,2026-07-02,2026-08-23 17:44:07,VERIFIED,LOS_Encompass
LN-10581,BOR-20581,VA_30Y,2023-03-22,2052-10-15,55083.37,40704.15,8.425,360,VT,Refinance_RateTerm,C,16 years,$75k - $120k,CURRENT,0,Citadel Loan Partners,2026-08-01,2026-08-10 17:44:07,VERIFIED,BlackKnight_MSP
LN-10582,BOR-20582,Commercial_Mortgage,2022-09-18,2042-06-05,90069.08,74342.1,4.649,240,OH,Purchase,C,13 years,$40k - $75k,DELINQUENT_30,30,Evergreen Capital Servicing,2026-08-04,2026-07-12 17:44:07,VERIFIED,Empower_Origination
LN-10583,BOR-20583,ARM_5_1,2022-09-26,2042-06-13,530329.43,342354.92,5.711,240,RI,Refinance_CashOut,A+,11 years,< $40k,CURRENT,0,Citadel Loan Partners,2026-07-09,2026-07-28 17:44:07,VERIFIED,Empower_Origination
LN-10584,BOR-20584,Personal_Installment,2023-01-27,2042-10-14,478814.64,441237.64,5.211,240,IA,Purchase,C+,10 years,> $200k,CURRENT,0,Evergreen Capital Servicing,2026-07-16,2026-07-24 17:44:07,VERIFIED,LOS_Encompass
LN-10585,BOR-20585,FHA_30Y,2023-03-27,2042-12-12,110962.92,73088.62,8.479,240,UT,Refinance_CashOut,C,4 years,$120k - $200k,CURRENT,0,Beacon Servicing Group,2026-08-11,2026-07-14 17:44:07,VERIFIED,LOS_Encompass
LN-10586,BOR-20586,Conventional_15Y,2023-01-03,2042-09-20,70455.25,44023.88,4.627,240,LA,Refinance_RateTerm,B+,9 years,$120k - $200k,CURRENT,0,Beacon Servicing Group,2026-07-18,2026-07-16 17:44:07,VERIFIED,Fiserv_Core
LN-10587,BOR-20587,Conventional_15Y,2021-12-07,2051-07-03,660358.42,411982.44,7.156,360,WV,Purchase,B-,13 years,$120k - $200k,CURRENT,0,Delta Servicing Co.,2026-07-01,2026-08-11 17:44:07,VERIFIED,Empower_Origination
LN-10588,BOR-20588,Jumbo_30Y,2021-10-25,2036-08-07,111376.24,102332.62,7.008,180,WA,Purchase,E,12 years,$40k - $75k,CURRENT,0,Evergreen Capital Servicing,2026-07-05,2026-08-25 17:44:07,VERIFIED,BlackKnight_MSP
LN-10589,BOR-20589,Conventional_30Y,2022-07-03,2052-01-27,182900.37,148908.17,5.186,360,WY,Refinance_RateTerm,A-,17 years,> $200k,CURRENT,0,Apex Mortgage Servicing,2026-07-18,2026-07-27 17:44:07,VERIFIED,BlackKnight_MSP
LN-10590,BOR-20590,FHA_30Y,2023-05-08,2043-01-23,203232.97,144703.23,3.598,240,MD,Refinance_CashOut,A+,11 years,$75k - $120k,CURRENT,0,Citadel Loan Partners,2026-06-28,2026-07-20 17:44:07,VERIFIED,Fiserv_Core
LN-10591,BOR-20591,VA_30Y,2021-10-26,2041-07-13,542898.33,444173.34,8.392,240,MN,Refinance_CashOut,B+,8 years,< $40k,CURRENT,0,Delta Servicing Co.,2026-07-06,2026-07-31 17:44:07,VERIFIED,BlackKnight_MSP
LN-10592,BOR-20592,FHA_30Y,2022-07-16,2037-04-28,324599.9,260376.8,5.472,180,SC,Home_Improvement,C+,3 years,> $200k,CURRENT,0,Beacon Servicing Group,2026-07-08,2026-07-21 17:44:07,VERIFIED,Fiserv_Core
LN-10593,BOR-20593,Conventional_15Y,2021-11-28,2036-09-10,576586.54,430632.72,7.379,180,SD,Refinance_RateTerm,C,6 years,> $200k,CURRENT,0,Citadel Loan Partners,2026-08-12,2026-08-12 17:44:07,VERIFIED,Empower_Origination
LN-10594,BOR-20594,VA_30Y,2022-10-29,2052-05-24,56392.76,39244.56,6.06,360,MT,Refinance_CashOut,C+,14 years,$40k - $75k,CURRENT,0,Delta Servicing Co.,2026-08-10,2026-08-22 17:44:07,VERIFIED,LOS_Encompass
LN-10595,BOR-20595,Auto_Loan,2021-12-13,2051-07-09,465374.67,284155.71,6.355,360,KY,Refinance_CashOut,A+,4 years,$40k - $75k,CURRENT,0,Evergreen Capital Servicing,2026-08-10,2026-07-15 17:44:07,VERIFIED,Fiserv_Core
LN-10596,BOR-20596,Conventional_15Y,2023-06-05,2043-02-20,622736.61,508317.9,6.386,240,CT,Refinance_RateTerm,A+,4 years,< $40k,DELINQUENT_120,120,Evergreen Capital Servicing,2026-08-07,2026-08-24 17:44:07,VERIFIED,Spreadsheet_Manual_Upload
LN-10597,BOR-20597,Personal_Installment,2022-12-12,2042-08-29,571751.51,384205.41,3.791,240,IA,Home_Improvement,B,5 years,< $40k,CURRENT,0,Evergreen Capital Servicing,2026-08-10,2026-07-31 17:44:07,VERIFIED,LOS_Encompass
LN-10598,BOR-20598,Commercial_Mortgage,2023-04-18,2052-11-11,425491.75,283263.18,5.559,360,MS,Debt_Consolidation,D,4 years,$40k - $75k,CURRENT,0,Beacon Servicing Group,2026-06-27,2026-07-18 17:44:07,VERIFIED,Empower_Origination
LN-10599,BOR-20599,Conventional_30Y,2022-04-03,2051-10-28,610359.08,0.0,3.491,360,AZ,Refinance_CashOut,A,18 years,$75k - $120k,PAID_OFF,0,Apex Mortgage Servicing,2026-07-20,2026-08-06 17:44:07,VERIFIED,BlackKnight_MSP
LN-10600,BOR-20600,Auto_Loan,2022-03-10,2036-12-21,733972.17,12900.5,4.178,180,NY,Debt_Consolidation,B,18 years,$120k - $200k,CLOSED,0,Citadel Loan Partners,2026-07-19,2026-08-03 17:44:07,VERIFIED,Spreadsheet_Manual_Upload
LN-10601,BOR-20601,Auto_Loan,2021-08-03,2051-02-27,531551.22,381698.45,3.007,360,NY,Refinance_CashOut,A-,10 years,$40k - $75k,CURRENT,0,Beacon Servicing Group,2026-07-15,2026-08-03 17:44:07,VERIFIED,BlackKnight_MSP
LN-10602,BOR-20602,FHA_30Y,2022-09-30,2052-04-25,345410.51,261666.76,4.249,360,ME,Refinance_CashOut,C+,15 years,< $40k,CURRENT,0,Beacon Servicing Group,2026-07-18,2026-08-12 17:44:07,VERIFIED,LOS_Encompass
LN-10603,BOR-20603,Jumbo_30Y,2022-12-15,2052-07-10,501899.86,351301.93,5.991,360,ME,Debt_Consolidation,E,6 years,$120k - $200k,CURRENT,0,Delta Servicing Co.,2026-07-28,2026-08-24 17:44:07,VERIFIED,Spreadsheet_Manual_Upload
LN-10604,BOR-20604,VA_30Y,2021-10-04,2036-07-17,137234.86,125090.05,5.903,180,IL,Refinance_RateTerm,A,12 years,$75k - $120k,CURRENT,0,Beacon Servicing Group,2026-08-04,2026-08-25 17:44:07,VERIFIED,LOS_Encompass
LN-10605,BOR-20605,Commercial_Mortgage,2022-01-23,2036-11-05,716248.0,484214.61,3.46,180,MS,Refinance_RateTerm,E,16 years,< $40k,CURRENT,0,Citadel Loan Partners,2026-07-17,2026-08-08 17:44:07,VERIFIED,Spreadsheet_Manual_Upload
LN-10606,BOR-20606,Conventional_15Y,2021-06-24,2036-04-06,272597.47,187232.07,3.789,180,AK,Debt_Consolidation,D,13 years,$120k - $200k,CURRENT,0,Evergreen Capital Servicing,2026-07-07,2026-08-16 17:44:07,VERIFIED,Empower_Origination
LN-10607,BOR-20607,FHA_30Y,2022-08-05,2042-04-22,564795.66,526105.68,6.921,240,AL,Refinance_CashOut,E,14 years,$120k - $200k,CURRENT,0,Delta Servicing Co.,2026-07-20,2026-08-07 17:44:07,VERIFIED,BlackKnight_MSP
LN-10608,BOR-20608,Commercial_Mortgage,2023-08-23,2053-03-18,552926.77,346500.31,4.065,360,NH,Purchase,B,14 years,$75k - $120k,CURRENT,0,Apex Mortgage Servicing,2026-07-06,2026-08-10 17:44:07,VERIFIED,LOS_Encompass
LN-10609,BOR-20609,FHA_30Y,2021-02-28,2050-09-24,109209.58,92822.92,8.095,360,CA,Home_Improvement,D,5 years,$120k - $200k,CURRENT,0,Evergreen Capital Servicing,2026-07-08,2026-08-18 17:44:07,VERIFIED,Fiserv_Core
LN-10610,BOR-20610,Conventional_30Y,2021-07-14,2051-02-07,687620.48,473721.66,6.856,360,DE,Debt_Consolidation,B-,8 years,> $200k,CURRENT,0,Delta Servicing Co.,2026-08-11,2026-07-13 17:44:07,VERIFIED,Spreadsheet_Manual_Upload
LN-10611,BOR-20611,VA_30Y,2021-03-18,2035-12-30,306935.66,277266.77,4.781,180,FL,Home_Improvement,C,13 years,$40k - $75k,CURRENT,0,Beacon Servicing Group,2026-06-29,2026-07-22 17:44:07,VERIFIED,LOS_Encompass
LN-10612,BOR-20612,Jumbo_30Y,2022-05-10,2042-01-25,255481.53,0.0,6.994,240,NE,Home_Improvement,B+,10 years,> $200k,PAID_OFF,0,Delta Servicing Co.,2026-07-13,2026-07-25 17:44:07,VERIFIED,LOS_Encompass
LN-10613,BOR-20613,ARM_5_1,2022-09-23,2037-07-06,372247.71,314764.2,3.366,180,SC,Refinance_CashOut,C+,12 years,< $40k,DELINQUENT_120,120,Beacon Servicing Group,2026-08-16,2026-07-23 17:44:07,VERIFIED,Spreadsheet_Manual_Upload
LN-10614,BOR-20614,FHA_30Y,2021-05-07,2041-01-22,689176.38,653050.68,7.174,240,IN,Refinance_CashOut,C,13 years,$75k - $120k,CURRENT,0,Beacon Servicing Group,2026-07-18,2026-08-08 17:44:07,VERIFIED,LOS_Encompass
LN-10615,BOR-20615,Personal_Installment,2023-05-10,2052-12-03,357549.69,322167.99,7.046,360,CA,Refinance_RateTerm,B+,4 years,$40k - $75k,CURRENT,0,Delta Servicing Co.,2026-07-05,2026-08-04 17:44:07,VERIFIED,LOS_Encompass
LN-10616,BOR-20616,FHA_30Y,2021-07-23,2051-02-16,713863.09,438387.18,8.402,360,GA,Home_Improvement,C,18 years,$120k - $200k,CURRENT,0,Citadel Loan Partners,2026-07-04,2026-07-31 17:44:07,VERIFIED,Spreadsheet_Manual_Upload
LN-10617,BOR-20617,Commercial_Mortgage,2021-04-23,2036-02-04,720375.02,484488.55,3.475,180,SC,Debt_Consolidation,A+,8 years,< $40k,CURRENT,0,Evergreen Capital Servicing,2026-07-05,2026-08-25 17:44:07,VERIFIED,Fiserv_Core
LN-10618,BOR-20618,Personal_Installment,2021-10-16,2041-07-03,390150.47,266740.04,4.175,240,MI,Debt_Consolidation,A-,8 years,$75k - $120k,CURRENT,0,Beacon Servicing Group,2026-07-10,2026-07-29 17:44:07,VERIFIED,Empower_Origination
LN-10619,BOR-20619,Personal_Installment,2023-03-13,2052-10-06,616966.73,434714.31,5.638,360,VA,Refinance_CashOut,E,5 years,$40k - $75k,CURRENT,0,Citadel Loan Partners,2026-08-09,2026-08-16 17:44:07,VERIFIED,Fiserv_Core
LN-10620,BOR-20620,Conventional_30Y,2021-07-24,2051-02-17,113654.8,105945.1,5.092,360,WI,Refinance_CashOut,B+,11 years,$120k - $200k,CURRENT,0,Apex Mortgage Servicing,2026-08-02,2026-08-18 17:44:07,VERIFIED,BlackKnight_MSP
LN-10621,BOR-20621,ARM_5_1,2023-08-24,2043-05-11,295717.16,237660.2,4.589,240,FL,Refinance_CashOut,A+,1 years,< $40k,CURRENT,0,Citadel Loan Partners,2026-07-22,2026-08-08 17:44:07,VERIFIED,Spreadsheet_Manual_Upload
LN-10622,BOR-20622,Conventional_15Y,2021-07-09,2041-03-26,226584.13,176293.73,4.672,240,GA,Purchase,A+,18 years,$40k - $75k,CURRENT,0,Citadel Loan Partners,2026-07-05,2026-07-19 17:44:07,VERIFIED,Spreadsheet_Manual_Upload
LN-10623,BOR-20623,ARM_5_1,2022-10-28,2037-08-10,243162.86,181274.38,3.252,180,OH,Refinance_CashOut,E,4 years,< $40k,CURRENT,0,Beacon Servicing Group,2026-08-09,2026-07-28 17:44:07,VERIFIED,LOS_Encompass
LN-10624,BOR-20624,Conventional_15Y,2022-09-26,2052-04-21,290028.58,201896.8,8.44,360,WA,Debt_Consolidation,A-,2 years,$40k - $75k,CURRENT,0,Citadel Loan Partners,2026-07-04,2026-07-21 17:44:07,VERIFIED,BlackKnight_MSP
LN-10625,BOR-20625,ARM_5_1,2022-10-07,2042-06-24,552128.11,348504.8,3.139,240,OR,Debt_Consolidation,D,1 years,$40k - $75k,CURRENT,0,Beacon Servicing Group,2026-08-03,2026-08-23 17:44:07,VERIFIED,Spreadsheet_Manual_Upload
LN-10626,BOR-20626,Conventional_30Y,2021-07-14,2051-02-07,568500.64,460984.18,6.687,360,AR,Purchase,A-,15 years,> $200k,CURRENT,0,Delta Servicing Co.,2026-07-14,2026-08-08 17:44:07,VERIFIED,Empower_Origination
LN-10627,BOR-20627,FHA_30Y,2021-06-13,2036-03-26,450328.58,334486.3,2.801,180,AR,Home_Improvement,D,17 years,$75k - $120k,CURRENT,0,Citadel Loan Partners,2026-07-17,2026-08-18 17:44:07,VERIFIED,Empower_Origination
LN-10628,BOR-20628,VA_30Y,2022-07-01,2037-04-13,216751.74,202948.61,3.602,180,MO,Refinance_CashOut,B,2 years,$40k - $75k,CURRENT,0,Apex Mortgage Servicing,2026-08-21,2026-07-15 17:44:07,VERIFIED,BlackKnight_MSP
LN-10629,BOR-20629,ARM_5_1,2021-03-27,2040-12-12,712499.48,456430.56,4.268,240,NC,Home_Improvement,E,10 years,$75k - $120k,CURRENT,0,Apex Mortgage Servicing,2026-06-30,2026-08-03 17:44:07,VERIFIED,Empower_Origination
LN-10630,BOR-20630,Jumbo_30Y,2021-09-20,2036-07-03,730123.29,556291.12,8.378,180,WY,Debt_Consolidation,A,13 years,$75k - $120k,CURRENT,0,Evergreen Capital Servicing,2026-08-08,2026-07-28 17:44:07,VERIFIED,Empower_Origination
LN-10631,BOR-20631,ARM_5_1,2021-07-28,2041-04-14,457164.66,305062.99,7.079,240,MI,Home_Improvement,B+,14 years,$75k - $120k,CURRENT,0,Delta Servicing Co.,2026-08-10,2026-07-27 17:44:07,VERIFIED,Empower_Origination
LN-10632,BOR-20632,FHA_30Y,2022-08-07,2037-05-20,393362.87,273262.11,6.473,180,TX,Refinance_RateTerm,A-,6 years,$120k - $200k,CURRENT,0,Beacon Servicing Group,2026-08-17,2026-07-29 17:44:07,VERIFIED,Empower_Origination
LN-10633,BOR-20633,Personal_Installment,2023-09-21,2053-04-16,331753.01,231063.51,3.539,360,VT,Purchase,E,4 years,$120k - $200k,CURRENT,0,Apex Mortgage Servicing,2026-07-04,2026-07-15 17:44:07,VERIFIED,LOS_Encompass
LN-10634,BOR-20634,FHA_30Y,2023-02-28,2037-12-11,108516.88,97673.61,6.357,180,CA,Purchase,A,18 years,$75k - $120k,CURRENT,0,Beacon Servicing Group,2026-07-22,2026-07-20 17:44:07,VERIFIED,Fiserv_Core
LN-10635,BOR-20635,FHA_30Y,2021-12-06,2041-08-23,385235.87,333100.71,5.875,240,MO,Debt_Consolidation,A,1 years,< $40k,DELINQUENT_90,90,Apex Mortgage Servicing,2026-07-20,2026-07-30 17:44:07,VERIFIED,Empower_Origination
LN-10636,BOR-20636,Conventional_30Y,2021-01-25,2035-11-08,208672.6,170092.36,4.782,180,MD,Refinance_CashOut,C+,4 years,$120k - $200k,CURRENT,0,Apex Mortgage Servicing,2026-08-03,2026-08-03 17:44:07,VERIFIED,LOS_Encompass
LN-10637,BOR-20637,ARM_5_1,2022-01-05,2036-10-18,696323.73,437322.11,7.9,180,WV,Refinance_CashOut,A-,14 years,> $200k,CURRENT,0,Delta Servicing Co.,2026-08-12,2026-07-14 17:44:07,VERIFIED,BlackKnight_MSP
LN-10638,BOR-20638,Jumbo_30Y,2023-06-16,2043-03-03,122745.79,77246.13,6.555,240,IN,Purchase,A+,5 years,$40k - $75k,CURRENT,0,Delta Servicing Co.,2026-06-30,2026-08-21 17:44:07,VERIFIED,LOS_Encompass
LN-10639,BOR-20639,Commercial_Mortgage,2021-10-13,2051-05-09,151267.47,126600.48,3.483,360,WY,Home_Improvement,B-,11 years,$120k - $200k,CURRENT,0,Delta Servicing Co.,2026-07-14,2026-07-16 17:44:07,VERIFIED,BlackKnight_MSP
LN-10640,BOR-20640,FHA_30Y,2023-08-02,2053-02-25,222135.69,178479.17,5.608,360,KS,Home_Improvement,D,18 years,$40k - $75k,CURRENT,0,Delta Servicing Co.,2026-07-19,2026-07-20 17:44:07,VERIFIED,Empower_Origination
LN-10641,BOR-20641,Conventional_15Y,2022-01-06,2036-10-19,52006.27,31314.7,2.849,180,NM,Home_Improvement,A-,4 years,< $40k,CURRENT,0,Beacon Servicing Group,2026-08-03,2026-07-27 17:44:07,VERIFIED,Empower_Origination
LN-10642,BOR-20642,Auto_Loan,2021-09-06,2041-05-24,197516.16,172114.49,7.045,240,GA,Refinance_CashOut,C+,1 years,$120k - $200k,CURRENT,0,Evergreen Capital Servicing,2026-08-17,2026-07-26 17:44:07,VERIFIED,Spreadsheet_Manual_Upload
LN-10643,BOR-20643,FHA_30Y,2021-05-31,2036-03-13,305670.95,281936.32,3.193,180,NE,Home_Improvement,A-,6 years,$120k - $200k,CURRENT,0,Citadel Loan Partners,2026-07-22,2026-07-30 17:44:07,VERIFIED,BlackKnight_MSP
LN-10644,BOR-20644,Personal_Installment,2022-12-13,2052-07-08,59246.59,53977.0,3.095,360,ME,Purchase,E,6 years,> $200k,CURRENT,0,Delta Servicing Co.,2026-07-09,2026-07-27 17:44:07,VERIFIED,Spreadsheet_Manual_Upload
LN-10645,BOR-20645,Jumbo_30Y,2022-05-29,2051-12-23,264223.77,229990.89,8.106,360,MO,Purchase,D,13 years,$40k - $75k,CURRENT,0,Apex Mortgage Servicing,2026-08-07,2026-07-31 17:44:07,VERIFIED,Empower_Origination
LN-10646,BOR-20646,Auto_Loan,2023-05-12,2052-12-05,104046.47,73628.56,5.495,360,ME,Home_Improvement,C+,6 years,< $40k,CURRENT,0,Beacon Servicing Group,2026-08-04,2026-08-19 17:44:07,VERIFIED,LOS_Encompass
LN-10647,BOR-20647,Conventional_15Y,2022-09-10,2042-05-28,595158.08,495519.64,4.127,240,NJ,Debt_Consolidation,A,3 years,$40k - $75k,CURRENT,0,Citadel Loan Partners,2026-08-09,2026-07-21 17:44:07,VERIFIED,Empower_Origination
LN-10648,BOR-20648,Conventional_30Y,2021-10-03,2036-07-16,109527.55,0.0,3.008,180,IA,Purchase,A+,11 years,< $40k,PAID_OFF,0,Citadel Loan Partners,2026-07-04,2026-08-07 17:44:07,VERIFIED,Fiserv_Core
LN-10649,BOR-20649,Auto_Loan,2021-11-19,2036-09-01,576289.59,401102.83,8.35,180,DE,Purchase,B-,14 years,> $200k,DELINQUENT_60,60,Apex Mortgage Servicing,2026-07-15,2026-08-01 17:44:07,VERIFIED,Fiserv_Core
LN-10650,BOR-20650,Conventional_30Y,2021-06-15,2041-03-02,156076.47,122974.65,7.84,240,PA,Refinance_CashOut,B+,5 years,$40k - $75k,CURRENT,0,Evergreen Capital Servicing,2026-07-11,2026-07-23 17:44:07,VERIFIED,BlackKnight_MSP
LN-10651,BOR-20651,Personal_Installment,2021-12-14,2036-09-26,253589.11,185572.77,8.156,180,NY,Home_Improvement,B+,7 years,> $200k,CURRENT,0,Evergreen Capital Servicing,2026-07-12,2026-07-25 17:44:07,VERIFIED,LOS_Encompass
LN-10652,BOR-20652,Conventional_30Y,2023-02-24,2037-12-07,659320.24,500095.97,8.321,180,PA,Home_Improvement,A,15 years,$75k - $120k,CURRENT,0,Apex Mortgage Servicing,2026-08-04,2026-07-20 17:44:07,VERIFIED,BlackKnight_MSP
LN-10653,BOR-20653,ARM_5_1,2021-03-14,2035-12-26,175430.38,119261.23,4.233,180,IA,Refinance_RateTerm,C,5 years,< $40k,CURRENT,0,Citadel Loan Partners,2026-06-28,2026-08-07 17:44:07,VERIFIED,Fiserv_Core
LN-10654,BOR-20654,Commercial_Mortgage,2023-07-29,2053-02-21,526409.35,418869.35,5.697,360,HI,Refinance_RateTerm,B-,3 years,$120k - $200k,CURRENT,0,Apex Mortgage Servicing,2026-07-13,2026-07-15 17:44:07,VERIFIED,LOS_Encompass
LN-10655,BOR-20655,VA_30Y,2023-04-21,2052-11-14,442560.28,396491.18,3.355,360,LA,Refinance_CashOut,E,13 years,< $40k,CURRENT,0,Apex Mortgage Servicing,2026-07-30,2026-07-27 17:44:07,VERIFIED,Fiserv_Core
LN-10656,BOR-20656,Auto_Loan,2021-04-22,2041-01-07,110075.78,76379.12,8.025,240,KY,Home_Improvement,B+,13 years,$75k - $120k,DELINQUENT_90,90,Evergreen Capital Servicing,2026-07-21,2026-08-12 17:44:07,VERIFIED,Fiserv_Core
LN-10657,BOR-20657,Conventional_15Y,2022-04-11,2041-12-27,76797.64,68771.57,5.452,240,NH,Refinance_CashOut,B-,2 years,> $200k,CURRENT,0,Citadel Loan Partners,2026-07-02,2026-07-29 17:44:07,VERIFIED,Fiserv_Core
LN-10658,BOR-20658,VA_30Y,2021-08-05,2036-05-18,657614.42,405468.12,6.681,180,MO,Refinance_RateTerm,A-,3 years,$40k - $75k,DELINQUENT_120,120,Apex Mortgage Servicing,2026-08-02,2026-07-28 17:44:07,VERIFIED,Fiserv_Core
LN-10659,BOR-20659,Auto_Loan,2022-11-17,2037-08-30,675151.37,597895.55,3.059,180,OK,Refinance_RateTerm,B,6 years,$40k - $75k,CURRENT,0,Delta Servicing Co.,2026-07-18,2026-07-12 17:44:07,VERIFIED,Empower_Origination
LN-10660,BOR-20660,Commercial_Mortgage,2023-07-24,2043-04-10,535031.01,435409.15,2.807,240,WV,Refinance_CashOut,A,5 years,$75k - $120k,CURRENT,0,Citadel Loan Partners,2026-08-21,2026-08-16 17:44:07,VERIFIED,Fiserv_Core
LN-10661,BOR-20661,FHA_30Y,2023-06-05,2043-02-20,271485.49,182653.84,6.625,240,IN,Debt_Consolidation,A+,15 years,$40k - $75k,CURRENT,0,Evergreen Capital Servicing,2026-08-15,2026-08-23 17:44:07,VERIFIED,Empower_Origination
LN-10662,BOR-20662,VA_30Y,2022-12-15,2042-09-01,432260.36,0.0,4.921,240,SC,Refinance_CashOut,B+,1 years,$75k - $120k,PAID_OFF,0,Citadel Loan Partners,2026-07-20,2026-08-18 17:44:07,VERIFIED,Fiserv_Core
LN-10663,BOR-20663,Personal_Installment,2022-02-25,2041-11-12,296210.28,195538.76,5.199,240,VT,Refinance_RateTerm,A,6 years,$120k - $200k,CURRENT,0,Evergreen Capital Servicing,2026-08-11,2026-07-22 17:44:07,VERIFIED,Fiserv_Core
LN-10664,BOR-20664,Commercial_Mortgage,2023-05-16,2043-01-31,511723.92,364296.95,6.396,240,DE,Debt_Consolidation,A,3 years,< $40k,DELINQUENT_30,30,Evergreen Capital Servicing,2026-07-26,2026-08-19 17:44:07,VERIFIED,Fiserv_Core
LN-10665,BOR-20665,Auto_Loan,2022-10-11,2037-07-24,360872.35,269415.84,2.938,180,MD,Home_Improvement,B+,8 years,$120k - $200k,CURRENT,0,Delta Servicing Co.,2026-08-14,2026-08-03 17:44:07,VERIFIED,Fiserv_Core
LN-10666,BOR-20666,Commercial_Mortgage,2022-12-22,2052-07-17,599244.62,486267.24,8.153,360,MA,Debt_Consolidation,B,9 years,$75k - $120k,CURRENT,0,Delta Servicing Co.,2026-07-09,2026-08-10 17:44:07,VERIFIED,LOS_Encompass
LN-10667,BOR-20667,Commercial_Mortgage,2021-01-16,2035-10-30,68372.77,46036.85,7.584,180,MS,Debt_Consolidation,B-,11 years,$40k - $75k,CURRENT,0,Beacon Servicing Group,2026-07-17,2026-07-31 17:44:07,VERIFIED,Empower_Origination
LN-10668,BOR-20668,Commercial_Mortgage,2023-04-01,2038-01-12,702358.26,561756.07,8.152,180,LA,Refinance_CashOut,C+,11 years,> $200k,CURRENT,0,Beacon Servicing Group,2026-07-20,2026-08-18 17:44:07,VERIFIED,Spreadsheet_Manual_Upload
LN-10669,BOR-20669,Commercial_Mortgage,2023-07-28,2053-02-20,232161.09,175625.93,8.205,360,AZ,Purchase,A,1 years,$120k - $200k,DELINQUENT_60,60,Apex Mortgage Servicing,2026-07-13,2026-07-22 17:44:07,VERIFIED,LOS_Encompass
LN-10670,BOR-20670,Commercial_Mortgage,2023-01-31,2037-11-13,563918.41,341624.61,6.398,180,WY,Refinance_RateTerm,A-,8 years,$40k - $75k,CURRENT,0,Beacon Servicing Group,2026-07-06,2026-08-01 17:44:07,VERIFIED,BlackKnight_MSP
LN-10671,BOR-20671,Conventional_30Y,2021-03-26,2040-12-11,704483.13,514552.15,6.421,240,ID,Purchase,A,15 years,> $200k,CURRENT,0,Citadel Loan Partners,2026-08-10,2026-08-20 17:44:07,VERIFIED,LOS_Encompass
LN-10672,BOR-20672,Personal_Installment,2023-07-24,2043-04-10,636821.12,517875.62,5.573,240,TX,Home_Improvement,A,16 years,< $40k,CURRENT,0,Citadel Loan Partners,2026-07-12,2026-07-28 17:44:07,VERIFIED,Empower_Origination
LN-10673,BOR-20673,FHA_30Y,2021-01-11,2040-09-28,682546.72,490830.79,6.379,240,NY,Purchase,B-,12 years,$120k - $200k,CURRENT,0,Apex Mortgage Servicing,2026-08-11,2026-07-23 17:44:07,VERIFIED,BlackKnight_MSP
LN-10674,BOR-20674,Conventional_15Y,2022-09-13,2037-06-26,70688.67,66584.25,5.693,180,MI,Refinance_CashOut,B-,4 years,$40k - $75k,DELINQUENT_60,60,Beacon Servicing Group,2026-08-16,2026-07-12 17:44:07,VERIFIED,Empower_Origination
LN-10675,BOR-20675,Jumbo_30Y,2022-05-09,2042-01-24,189466.27,173894.14,6.821,240,ME,Refinance_RateTerm,C,16 years,$120k - $200k,CURRENT,0,Beacon Servicing Group,2026-08-05,2026-08-14 17:44:07,VERIFIED,Empower_Origination
LN-10676,BOR-20676,Jumbo_30Y,2021-04-16,2041-01-01,458553.78,312615.78,4.542,240,AZ,Home_Improvement,C+,15 years,$120k - $200k,CURRENT,0,Citadel Loan Partners,2026-07-13,2026-08-19 17:44:07,VERIFIED,Spreadsheet_Manual_Upload
LN-10677,BOR-20677,Commercial_Mortgage,2021-07-24,2041-04-10,446999.42,366143.41,6.388,240,IL,Home_Improvement,A-,2 years,> $200k,CURRENT,0,Evergreen Capital Servicing,2026-06-30,2026-07-15 17:44:07,VERIFIED,Spreadsheet_Manual_Upload
LN-10678,BOR-20678,ARM_5_1,2021-01-31,2040-10-18,130254.97,86858.68,5.219,240,VA,Refinance_RateTerm,B+,3 years,$40k - $75k,CURRENT,0,Citadel Loan Partners,2026-08-14,2026-08-25 17:44:07,VERIFIED,BlackKnight_MSP
LN-10679,BOR-20679,Conventional_30Y,2021-12-03,2051-06-29,199640.7,150007.18,4.599,360,MA,Debt_Consolidation,A,13 years,$75k - $120k,CURRENT,0,Apex Mortgage Servicing,2026-07-17,2026-08-08 17:44:07,VERIFIED,Spreadsheet_Manual_Upload
LN-10680,BOR-20680,Conventional_15Y,2023-07-04,2053-01-27,502389.08,357326.16,5.252,360,CO,Refinance_CashOut,B+,2 years,$120k - $200k,CURRENT,0,Delta Servicing Co.,2026-08-14,2026-08-18 17:44:07,VERIFIED,Fiserv_Core
LN-10681,BOR-20681,FHA_30Y,2021-12-01,2051-06-27,463819.77,402248.78,2.872,360,TX,Debt_Consolidation,A+,15 years,$75k - $120k,CURRENT,0,Apex Mortgage Servicing,2026-07-18,2026-07-23 17:44:07,VERIFIED,LOS_Encompass
LN-10682,BOR-20682,ARM_5_1,2021-01-17,2050-08-13,98617.88,90403.81,7.364,360,ND,Refinance_RateTerm,B,11 years,$75k - $120k,CURRENT,0,Citadel Loan Partners,2026-07-21,2026-07-17 17:44:07,VERIFIED,LOS_Encompass
LN-10683,BOR-20683,Commercial_Mortgage,2022-12-15,2042-09-01,738776.79,574274.97,6.436,240,GA,Refinance_RateTerm,E,4 years,< $40k,CURRENT,0,Beacon Servicing Group,2026-08-15,2026-08-05 17:44:07,VERIFIED,Fiserv_Core
LN-10684,BOR-20684,VA_30Y,2021-04-01,2036-01-13,183811.79,116574.03,4.871,180,KS,Purchase,A+,9 years,< $40k,DELINQUENT_90,90,Apex Mortgage Servicing,2026-08-05,2026-08-04 17:44:07,VERIFIED,Spreadsheet_Manual_Upload
LN-10685,BOR-20685,Commercial_Mortgage,2022-12-17,2042-09-03,169237.04,152615.06,5.399,240,NC,Refinance_RateTerm,A-,14 years,$120k - $200k,CURRENT,0,Beacon Servicing Group,2026-07-16,2026-07-26 17:44:07,VERIFIED,Fiserv_Core
LN-10686,BOR-20686,Jumbo_30Y,2023-03-03,2042-11-18,561605.21,489135.29,4.267,240,MD,Purchase,B-,18 years,$40k - $75k,CURRENT,0,Beacon Servicing Group,2026-07-08,2026-08-21 17:44:07,VERIFIED,LOS_Encompass
LN-10687,BOR-20687,Personal_Installment,2021-08-06,2036-05-19,59189.67,51752.64,7.456,180,WA,Home_Improvement,A,11 years,$40k - $75k,CURRENT,0,Evergreen Capital Servicing,2026-06-28,2026-08-05 17:44:07,VERIFIED,BlackKnight_MSP
LN-10688,BOR-20688,Personal_Installment,2021-06-07,2051-01-01,643464.89,587495.56,3.498,360,AL,Home_Improvement,C,17 years,$40k - $75k,CURRENT,0,Citadel Loan Partners,2026-07-25,2026-08-15 17:44:07,VERIFIED,BlackKnight_MSP
LN-10689,BOR-20689,Conventional_15Y,2022-04-18,2037-01-29,663337.37,457199.25,4.133,180,UT,Refinance_CashOut,B,1 years,$120k - $200k,CURRENT,0,Citadel Loan Partners,2026-08-14,2026-07-21 17:44:07,VERIFIED,LOS_Encompass
LN-10690,BOR-20690,ARM_5_1,2021-08-06,2041-04-23,155434.03,120342.21,5.671,240,FL,Home_Improvement,B,12 years,< $40k,DELINQUENT_120,120,Delta Servicing Co.,2026-08-09,2026-08-07 17:44:07,VERIFIED,Empower_Origination
LN-10691,BOR-20691,Commercial_Mortgage,2022-09-01,2037-06-14,243147.99,179295.66,5.732,180,OH,Purchase,B+,4 years,$40k - $75k,DELINQUENT_30,30,Evergreen Capital Servicing,2026-08-04,2026-08-10 17:44:07,VERIFIED,LOS_Encompass
LN-10692,BOR-20692,Auto_Loan,2021-10-10,2036-07-23,208525.51,152833.09,6.866,180,KY,Home_Improvement,A,8 years,$75k - $120k,CURRENT,0,Beacon Servicing Group,2026-07-30,2026-07-16 17:44:07,VERIFIED,BlackKnight_MSP
LN-10693,BOR-20693,Jumbo_30Y,2021-01-04,2050-07-31,115969.8,89745.08,6.778,360,IA,Refinance_RateTerm,B+,6 years,$75k - $120k,CURRENT,0,Citadel Loan Partners,2026-07-23,2026-08-16 17:44:07,VERIFIED,LOS_Encompass
LN-10694,BOR-20694,Personal_Installment,2021-12-09,2041-08-26,64578.79,39326.56,7.817,240,NJ,Purchase,E,12 years,$120k - $200k,CURRENT,0,Beacon Servicing Group,2026-07-22,2026-08-18 17:44:07,VERIFIED,LOS_Encompass
LN-10695,BOR-20695,Conventional_30Y,2022-11-28,2052-06-23,743289.17,488805.05,5.77,360,NJ,Refinance_CashOut,A,4 years,$75k - $120k,CURRENT,0,Delta Servicing Co.,2026-07-05,2026-08-03 17:44:07,VERIFIED,Spreadsheet_Manual_Upload
LN-10696,BOR-20696,Jumbo_30Y,2022-05-14,2051-12-08,227475.79,179577.86,7.51,360,WI,Refinance_RateTerm,D,16 years,< $40k,CURRENT,0,Apex Mortgage Servicing,2026-08-12,2026-07-30 17:44:07,VERIFIED,Empower_Origination
LN-10697,BOR-20697,FHA_30Y,2022-05-25,2042-02-09,71633.27,53570.62,6.751,240,OK,Refinance_RateTerm,B+,3 years,$40k - $75k,CURRENT,0,Apex Mortgage Servicing,2026-08-04,2026-07-16 17:44:07,VERIFIED,Spreadsheet_Manual_Upload
LN-10698,BOR-20698,Personal_Installment,2021-06-29,2051-01-23,235716.53,167907.2,7.856,360,KY,Debt_Consolidation,C+,9 years,$75k - $120k,CURRENT,0,Citadel Loan Partners,2026-06-29,2026-07-17 17:44:07,VERIFIED,LOS_Encompass
LN-10699,BOR-20699,Commercial_Mortgage,2022-08-04,2042-04-21,727707.12,489514.62,4.408,240,CA,Home_Improvement,A-,15 years,$40k - $75k,CURRENT,0,Evergreen Capital Servicing,2026-07-10,2026-08-15 17:44:07,VERIFIED,BlackKnight_MSP
LN-10700,BOR-20700,Personal_Installment,2021-03-08,2040-11-23,609849.55,576028.92,2.985,240,MD,Debt_Consolidation,A,2 years,$120k - $200k,CURRENT,0,Apex Mortgage Servicing,2026-08-18,2026-08-09 17:44:07,VERIFIED,Empower_Origination
LN-10701,BOR-20701,ARM_5_1,2023-03-16,2042-12-01,651307.38,467075.9,7.171,240,MI,Purchase,B,5 years,$40k - $75k,CURRENT,0,Citadel Loan Partners,2026-08-07,2026-08-23 17:44:07,VERIFIED,Fiserv_Core
LN-10702,BOR-20702,ARM_5_1,2023-04-12,2038-01-23,524950.19,427737.66,5.045,180,OH,Refinance_RateTerm,B,10 years,$40k - $75k,CURRENT,0,Citadel Loan Partners,2026-07-01,2026-07-19 17:44:07,VERIFIED,Empower_Origination
LN-10703,BOR-20703,VA_30Y,2021-05-19,2041-02-03,341418.61,300505.36,4.504,240,WI,Debt_Consolidation,C,18 years,$40k - $75k,CURRENT,0,Delta Servicing Co.,2026-08-15,2026-08-17 17:44:07,VERIFIED,Spreadsheet_Manual_Upload
LN-10704,BOR-20704,Personal_Installment,2021-11-17,2051-06-13,402670.62,285973.8,4.806,360,SC,Home_Improvement,C,14 years,$120k - $200k,CURRENT,0,Apex Mortgage Servicing,2026-07-03,2026-07-30 17:44:07,VERIFIED,LOS_Encompass
LN-10705,BOR-20705,FHA_30Y,2023-07-18,2053-02-10,261672.99,226366.51,5.695,360,NC,Debt_Consolidation,D,10 years,< $40k,CURRENT,0,Delta Servicing Co.,2026-07-10,2026-08-25 17:44:07,VERIFIED,Fiserv_Core
LN-10706,BOR-20706,Auto_Loan,2023-05-10,2043-01-25,88042.36,81954.89,7.522,240,ME,Purchase,B-,4 years,$75k - $120k,CURRENT,0,Apex Mortgage Servicing,2026-08-14,2026-07-19 17:44:07,VERIFIED,Spreadsheet_Manual_Upload
LN-10707,BOR-20707,Conventional_30Y,2021-07-29,2051-02-22,411384.82,309889.09,8.312,360,NC,Refinance_CashOut,A-,10 years,$75k - $120k,CURRENT,0,Delta Servicing Co.,2026-07-13,2026-07-12 17:44:07,VERIFIED,Empower_Origination
LN-10708,BOR-20708,Conventional_15Y,2021-01-01,2035-10-15,157115.46,100873.68,5.739,180,TN,Refinance_CashOut,A,16 years,< $40k,CURRENT,0,Apex Mortgage Servicing,2026-08-14,2026-08-06 17:44:07,VERIFIED,Fiserv_Core
LN-10709,BOR-20709,Personal_Installment,2023-04-20,2038-01-31,214449.5,0.0,4.247,180,HI,Home_Improvement,E,4 years,$120k - $200k,PAID_OFF,0,Beacon Servicing Group,2026-06-30,2026-07-14 17:44:07,VERIFIED,Empower_Origination
LN-10710,BOR-20710,FHA_30Y,2023-01-30,2052-08-25,539740.06,474904.94,5.513,360,MD,Purchase,E,16 years,$75k - $120k,CURRENT,0,Apex Mortgage Servicing,2026-07-23,2026-07-30 17:44:07,VERIFIED,Fiserv_Core
LN-10711,BOR-20711,FHA_30Y,2021-10-18,2036-07-31,369957.6,278403.02,2.813,180,WI,Purchase,E,15 years,< $40k,CURRENT,0,Beacon Servicing Group,2026-07-23,2026-07-27 17:44:07,VERIFIED,BlackKnight_MSP
LN-10712,BOR-20712,Conventional_30Y,2022-01-02,2036-10-15,400446.87,259746.76,3.962,180,SD,Debt_Consolidation,C+,17 years,< $40k,CURRENT,0,Evergreen Capital Servicing,2026-07-31,2026-07-27 17:44:07,VERIFIED,Empower_Origination
LN-10713,BOR-20713,Jumbo_30Y,2021-11-07,2051-06-03,696433.86,644985.83,7.576,360,IA,Home_Improvement,C,6 years,> $200k,CURRENT,0,Evergreen Capital Servicing,2026-08-05,2026-08-17 17:44:07,VERIFIED,BlackKnight_MSP
LN-10714,BOR-20714,ARM_5_1,2022-09-25,2052-04-20,630920.39,584453.43,2.92,360,ND,Refinance_CashOut,B+,4 years,< $40k,CURRENT,0,Citadel Loan Partners,2026-07-04,2026-08-11 17:44:07,VERIFIED,Empower_Origination
LN-10715,BOR-20715,Conventional_15Y,2023-01-16,2037-10-29,674731.0,462504.58,5.165,180,IL,Purchase,E,9 years,< $40k,DELINQUENT_30,30,Delta Servicing Co.,2026-07-04,2026-08-02 17:44:07,VERIFIED,Spreadsheet_Manual_Upload
LN-10716,BOR-20716,Conventional_30Y,2021-11-25,2036-09-07,125362.7,99371.46,3.516,180,NH,Debt_Consolidation,D,7 years,$40k - $75k,CURRENT,0,Citadel Loan Partners,2026-08-07,2026-08-13 17:44:07,VERIFIED,Empower_Origination
LN-10717,BOR-20717,Commercial_Mortgage,2023-04-09,2052-11-02,603002.95,554698.55,2.889,360,RI,Purchase,B+,2 years,$40k - $75k,CURRENT,0,Delta Servicing Co.,2026-07-16,2026-07-22 17:44:07,VERIFIED,LOS_Encompass
LN-10718,BOR-20718,ARM_5_1,2022-11-30,2037-09-12,560983.98,354067.3,6.443,180,NV,Refinance_CashOut,B+,16 years,> $200k,CURRENT,0,Evergreen Capital Servicing,2026-06-28,2026-08-17 17:44:07,VERIFIED,LOS_Encompass
LN-10719,BOR-20719,Personal_Installment,2022-10-03,2042-06-20,313282.76,289848.06,3.199,240,MS,Refinance_RateTerm,A,4 years,$120k - $200k,CURRENT,0,Citadel Loan Partners,2026-08-20,2026-08-11 17:44:07,VERIFIED,BlackKnight_MSP
LN-10720,BOR-20720,Jumbo_30Y,2022-12-22,2042-09-08,300533.64,193737.54,3.658,240,MD,Purchase,D,8 years,> $200k,CURRENT,0,Delta Servicing Co.,2026-07-13,2026-08-22 17:44:07,VERIFIED,Spreadsheet_Manual_Upload
LN-10721,BOR-20721,Conventional_15Y,2022-04-28,2051-11-22,705848.82,427231.32,6.506,360,NY,Refinance_RateTerm,C+,9 years,$40k - $75k,CURRENT,0,Beacon Servicing Group,2026-08-08,2026-07-21 17:44:07,VERIFIED,BlackKnight_MSP
LN-10722,BOR-20722,Conventional_30Y,2022-05-21,2037-03-03,101038.33,62461.98,7.95,180,DE,Purchase,B-,3 years,$120k - $200k,CURRENT,0,Apex Mortgage Servicing,2026-07-17,2026-07-26 17:44:07,VERIFIED,Empower_Origination
LN-10723,BOR-20723,Jumbo_30Y,2021-02-12,2050-09-08,122842.85,95349.53,4.045,360,SC,Home_Improvement,C,10 years,$40k - $75k,DELINQUENT_30,30,Apex Mortgage Servicing,2026-07-03,2026-08-13 17:44:07,VERIFIED,Spreadsheet_Manual_Upload
LN-10724,BOR-20724,Commercial_Mortgage,2022-12-02,2052-06-27,566546.5,428664.05,3.05,360,WY,Home_Improvement,A-,14 years,$120k - $200k,CURRENT,0,Apex Mortgage Servicing,2026-07-13,2026-08-02 17:44:07,VERIFIED,BlackKnight_MSP
LN-10725,BOR-20725,VA_30Y,2022-03-24,2041-12-09,692648.01,600276.77,3.279,240,CA,Refinance_CashOut,C+,18 years,> $200k,DELINQUENT_30,30,Beacon Servicing Group,2026-06-30,2026-08-22 17:44:07,VERIFIED,LOS_Encompass
LN-10726,BOR-20726,Conventional_30Y,2022-03-26,2037-01-06,176415.43,164895.18,4.761,180,ME,Refinance_CashOut,B,5 years,> $200k,CURRENT,0,Apex Mortgage Servicing,2026-08-17,2026-08-09 17:44:07,VERIFIED,Spreadsheet_Manual_Upload
LN-10727,BOR-20727,VA_30Y,2022-12-24,2042-09-10,564653.04,465875.23,8.012,240,MA,Home_Improvement,B,12 years,> $200k,CURRENT,0,Evergreen Capital Servicing,2026-08-04,2026-08-05 17:44:07,VERIFIED,Spreadsheet_Manual_Upload
LN-10728,BOR-20728,Auto_Loan,2021-02-25,2035-12-09,292644.82,235932.64,8.216,180,NV,Refinance_RateTerm,A,7 years,$40k - $75k,CURRENT,0,Citadel Loan Partners,2026-07-05,2026-07-21 17:44:07,VERIFIED,Empower_Origination
LN-10729,BOR-20729,Conventional_15Y,2023-01-13,2042-09-30,621465.8,0.0,8.373,240,DE,Home_Improvement,C,4 years,< $40k,PAID_OFF,0,Citadel Loan Partners,2026-07-15,2026-08-01 17:44:07,VERIFIED,BlackKnight_MSP
LN-10730,BOR-20730,Conventional_15Y,2021-10-13,2036-07-26,648201.97,528687.99,2.858,180,LA,Home_Improvement,C,2 years,$40k - $75k,CURRENT,0,Delta Servicing Co.,2026-07-18,2026-08-22 17:44:07,VERIFIED,BlackKnight_MSP
LN-10731,BOR-20731,Conventional_30Y,2023-02-21,2052-09-16,293463.18,276120.32,6.25,360,MN,Refinance_RateTerm,E,7 years,< $40k,CURRENT,0,Delta Servicing Co.,2026-06-27,2026-07-29 17:44:07,VERIFIED,LOS_Encompass
LN-10732,BOR-20732,Conventional_15Y,2022-02-02,2051-08-29,716731.52,446978.54,4.403,360,KS,Home_Improvement,C+,17 years,$75k - $120k,CURRENT,0,Beacon Servicing Group,2026-08-13,2026-08-25 17:44:07,VERIFIED,BlackKnight_MSP
LN-10733,BOR-20733,Jumbo_30Y,2021-09-13,2036-06-26,589937.44,499359.2,6.034,180,NY,Debt_Consolidation,B,12 years,$75k - $120k,CURRENT,0,Evergreen Capital Servicing,2026-08-21,2026-08-18 17:44:07,VERIFIED,BlackKnight_MSP
LN-10734,BOR-20734,ARM_5_1,2023-05-18,2043-02-02,175149.08,138025.62,5.279,240,UT,Purchase,B-,16 years,> $200k,CURRENT,0,Apex Mortgage Servicing,2026-08-04,2026-07-17 17:44:07,VERIFIED,Spreadsheet_Manual_Upload
LN-10735,BOR-20735,ARM_5_1,2022-03-28,2037-01-08,175862.74,119922.23,4.338,180,NV,Refinance_CashOut,B+,6 years,$40k - $75k,CURRENT,0,Beacon Servicing Group,2026-08-14,2026-07-15 17:44:07,VERIFIED,LOS_Encompass
LN-10736,BOR-20736,FHA_30Y,2022-06-03,2051-12-28,652399.19,487367.15,2.991,360,SD,Refinance_CashOut,A+,9 years,$75k - $120k,DELINQUENT_90,90,Evergreen Capital Servicing,2026-07-07,2026-08-23 17:44:07,VERIFIED,Spreadsheet_Manual_Upload
LN-10737,BOR-20737,VA_30Y,2021-04-22,2041-01-07,104235.4,82832.28,5.688,240,TN,Refinance_CashOut,B-,12 years,$120k - $200k,DELINQUENT_120,120,Citadel Loan Partners,2026-08-12,2026-08-24 17:44:07,VERIFIED,BlackKnight_MSP
LN-10738,BOR-20738,ARM_5_1,2023-09-26,2043-06-13,335696.29,242308.14,5.456,240,MD,Debt_Consolidation,A+,6 years,$75k - $120k,DELINQUENT_60,60,Evergreen Capital Servicing,2026-08-20,2026-08-19 17:44:07,VERIFIED,Spreadsheet_Manual_Upload
LN-10739,BOR-20739,VA_30Y,2022-06-08,2042-02-23,551037.58,380372.87,7.255,240,SD,Refinance_RateTerm,B+,13 years,> $200k,DELINQUENT_60,60,Delta Servicing Co.,2026-07-04,2026-07-15 17:44:07,VERIFIED,LOS_Encompass
LN-10740,BOR-20740,Conventional_15Y,2022-08-02,2037-05-15,402447.12,301411.27,5.902,180,OR,Debt_Consolidation,A,17 years,< $40k,CURRENT,0,Evergreen Capital Servicing,2026-07-24,2026-08-05 17:44:07,VERIFIED,BlackKnight_MSP
LN-10741,BOR-20741,VA_30Y,2021-10-28,2051-05-24,687748.67,574242.92,7.344,360,AL,Refinance_CashOut,C,11 years,< $40k,CURRENT,0,Delta Servicing Co.,2026-07-29,2026-08-20 17:44:07,VERIFIED,BlackKnight_MSP
LN-10742,BOR-20742,Auto_Loan,2021-03-20,2050-10-14,690244.86,497897.45,6.23,360,CT,Home_Improvement,B+,5 years,> $200k,CURRENT,0,Evergreen Capital Servicing,2026-07-10,2026-08-17 17:44:07,VERIFIED,Spreadsheet_Manual_Upload
LN-10743,BOR-20743,Jumbo_30Y,2021-12-16,2041-09-02,269691.04,0.0,5.171,240,MI,Debt_Consolidation,C,7 years,$40k - $75k,PAID_OFF,0,Apex Mortgage Servicing,2026-07-26,2026-08-09 17:44:07,VERIFIED,Spreadsheet_Manual_Upload
LN-10744,BOR-20744,Personal_Installment,2021-04-14,2050-11-08,138478.57,129903.08,5.231,360,DE,Refinance_CashOut,A,5 years,> $200k,CURRENT,0,Delta Servicing Co.,2026-07-30,2026-08-17 17:44:07,VERIFIED,Fiserv_Core
LN-10745,BOR-20745,Auto_Loan,2022-12-31,2037-10-13,255374.32,212501.34,7.492,180,MN,Debt_Consolidation,E,4 years,< $40k,DELINQUENT_90,90,Delta Servicing Co.,2026-07-26,2026-07-16 17:44:07,VERIFIED,Fiserv_Core
LN-10746,BOR-20746,Commercial_Mortgage,2023-02-15,2042-11-02,383974.23,346685.75,3.805,240,WY,Debt_Consolidation,D,3 years,$40k - $75k,CURRENT,0,Citadel Loan Partners,2026-07-09,2026-07-15 17:44:07,VERIFIED,Fiserv_Core
LN-10747,BOR-20747,Commercial_Mortgage,2022-03-26,2041-12-11,173705.58,121092.48,4.356,240,WY,Purchase,B+,10 years,$120k - $200k,CURRENT,0,Evergreen Capital Servicing,2026-07-15,2026-07-24 17:44:07,VERIFIED,Fiserv_Core
LN-10748,BOR-20748,Jumbo_30Y,2022-01-29,2041-10-16,273004.81,242306.64,3.573,240,AK,Refinance_CashOut,C+,17 years,$75k - $120k,CURRENT,0,Apex Mortgage Servicing,2026-07-30,2026-08-07 17:44:07,VERIFIED,Empower_Origination
LN-10749,BOR-20749,Conventional_15Y,2021-10-08,2041-06-25,390645.01,340536.32,3.724,240,IN,Debt_Consolidation,A,8 years,$75k - $120k,CURRENT,0,Evergreen Capital Servicing,2026-07-04,2026-08-15 17:44:07,VERIFIED,LOS_Encompass
LN-10750,BOR-20750,Conventional_30Y,2022-07-05,2052-01-29,609294.4,577408.33,7.537,360,TX,Refinance_RateTerm,B+,10 years,> $200k,CURRENT,0,Beacon Servicing Group,2026-06-29,2026-07-27 17:44:07,VERIFIED,BlackKnight_MSP
LN-10751,BOR-20751,Conventional_15Y,2022-12-25,2052-07-20,693428.57,629647.56,7.861,360,NV,Refinance_RateTerm,A,5 years,$75k - $120k,CURRENT,0,Citadel Loan Partners,2026-07-01,2026-08-20 17:44:07,VERIFIED,Empower_Origination
LN-10752,BOR-20752,Conventional_15Y,2021-06-10,2041-02-25,404942.12,345562.29,6.376,240,AR,Purchase,B-,2 years,$120k - $200k,DELINQUENT_90,90,Beacon Servicing Group,2026-06-29,2026-07-21 17:44:07,VERIFIED,LOS_Encompass
LN-10753,BOR-20753,Conventional_30Y,2021-05-21,2036-03-03,460440.36,296873.44,4.016,180,WA,Refinance_RateTerm,C,5 years,$120k - $200k,CURRENT,0,Citadel Loan Partners,2026-08-13,2026-08-13 17:44:07,VERIFIED,LOS_Encompass
LN-10754,BOR-20754,Auto_Loan,2023-02-07,2052-09-02,199932.35,159543.7,5.571,360,HI,Refinance_CashOut,A-,2 years,$120k - $200k,CURRENT,0,Evergreen Capital Servicing,2026-08-06,2026-07-16 17:44:07,VERIFIED,BlackKnight_MSP
LN-10755,BOR-20755,Personal_Installment,2022-11-04,2052-05-30,718034.66,461508.61,7.584,360,MD,Home_Improvement,C,13 years,> $200k,CURRENT,0,Apex Mortgage Servicing,2026-08-07,2026-08-18 17:44:07,VERIFIED,BlackKnight_MSP
LN-10756,BOR-20756,Commercial_Mortgage,2021-11-30,2041-08-17,223177.38,178831.4,3.763,240,CO,Purchase,B-,13 years,$40k - $75k,CURRENT,0,Delta Servicing Co.,2026-07-14,2026-07-30 17:44:07,VERIFIED,Empower_Origination
LN-10757,BOR-20757,Conventional_30Y,2021-10-02,2041-06-19,405241.18,258773.35,7.251,240,FL,Debt_Consolidation,B-,9 years,$75k - $120k,CURRENT,0,Delta Servicing Co.,2026-07-27,2026-08-09 17:44:07,VERIFIED,LOS_Encompass
LN-10758,BOR-20758,Jumbo_30Y,2023-01-16,2042-10-03,203263.74,147835.11,3.012,240,CT,Home_Improvement,B+,6 years,> $200k,CURRENT,0,Evergreen Capital Servicing,2026-07-13,2026-08-04 17:44:07,VERIFIED,Empower_Origination
LN-10759,BOR-20759,Auto_Loan,2023-09-01,2038-06-14,555560.1,371756.09,3.269,180,SD,Refinance_RateTerm,B-,18 years,< $40k,CURRENT,0,Citadel Loan Partners,2026-07-18,2026-08-13 17:44:07,VERIFIED,Empower_Origination
LN-10760,BOR-20760,Auto_Loan,2023-05-31,2043-02-15,552474.35,468738.23,3.678,240,AL,Refinance_RateTerm,C+,7 years,> $200k,CURRENT,0,Apex Mortgage Servicing,2026-06-28,2026-08-24 17:44:07,VERIFIED,Spreadsheet_Manual_Upload
LN-10761,BOR-20761,Conventional_15Y,2022-02-12,2051-09-08,603940.42,564805.2,4.378,360,TX,Refinance_CashOut,B+,2 years,$75k - $120k,CURRENT,0,Delta Servicing Co.,2026-07-11,2026-07-31 17:44:07,VERIFIED,Empower_Origination
LN-10762,BOR-20762,Jumbo_30Y,2021-03-20,2036-01-01,101723.17,70927.55,7.134,180,OR,Purchase,A+,18 years,> $200k,CURRENT,0,Evergreen Capital Servicing,2026-07-02,2026-07-31 17:44:07,VERIFIED,Empower_Origination
LN-10763,BOR-20763,Jumbo_30Y,2022-03-12,2041-11-27,408648.94,384865.09,4.326,240,WA,Purchase,B,16 years,$120k - $200k,CURRENT,0,Delta Servicing Co.,2026-07-17,2026-08-08 17:44:07,VERIFIED,Fiserv_Core
LN-10764,BOR-20764,Jumbo_30Y,2022-07-01,2052-01-25,404615.45,330229.77,8.461,360,ND,Home_Improvement,B-,18 years,< $40k,CURRENT,0,Apex Mortgage Servicing,2026-07-27,2026-08-11 17:44:07,VERIFIED,Fiserv_Core
LN-10765,BOR-20765,ARM_5_1,2022-07-31,2042-04-17,126263.92,106224.14,3.577,240,NH,Purchase,A,18 years,$40k - $75k,CURRENT,0,Evergreen Capital Servicing,2026-08-06,2026-08-20 17:44:07,VERIFIED,Empower_Origination
LN-10766,BOR-20766,Commercial_Mortgage,2023-05-09,2052-12-02,381460.26,265854.4,6.008,360,MA,Purchase,C,9 years,$120k - $200k,CURRENT,0,Beacon Servicing Group,2026-08-19,2026-08-05 17:44:07,VERIFIED,Spreadsheet_Manual_Upload
LN-10767,BOR-20767,Commercial_Mortgage,2021-10-02,2036-07-15,533278.14,365688.4,7.32,180,KS,Home_Improvement,B-,8 years,$75k - $120k,CURRENT,0,Evergreen Capital Servicing,2026-06-28,2026-08-20 17:44:07,VERIFIED,LOS_Encompass
LN-10768,BOR-20768,Commercial_Mortgage,2021-03-21,2050-10-15,312980.24,214419.52,3.682,360,AK,Purchase,A-,7 years,$120k - $200k,CURRENT,0,Delta Servicing Co.,2026-07-21,2026-08-15 17:44:07,VERIFIED,Spreadsheet_Manual_Upload
LN-10769,BOR-20769,Personal_Installment,2023-02-06,2037-11-19,661950.53,531975.5,2.803,180,GA,Home_Improvement,B,9 years,> $200k,CURRENT,0,Evergreen Capital Servicing,2026-07-11,2026-08-15 17:44:07,VERIFIED,Empower_Origination
LN-10770,BOR-20770,Jumbo_30Y,2022-12-03,2052-06-28,193123.29,141964.94,6.858,360,MS,Debt_Consolidation,B,16 years,$120k - $200k,CURRENT,0,Beacon Servicing Group,2026-08-11,2026-07-23 17:44:07,VERIFIED,Fiserv_Core
LN-10771,BOR-20771,Conventional_30Y,2022-03-03,2041-11-18,175458.05,137792.0,8.462,240,CA,Refinance_RateTerm,B+,7 years,< $40k,CURRENT,0,Apex Mortgage Servicing,2026-07-13,2026-07-27 17:44:07,VERIFIED,Spreadsheet_Manual_Upload
LN-10772,BOR-20772,FHA_30Y,2021-12-25,2036-10-07,495440.47,317493.06,4.734,180,CA,Refinance_CashOut,B,10 years,$120k - $200k,CURRENT,0,Evergreen Capital Servicing,2026-07-03,2026-07-31 17:44:07,VERIFIED,BlackKnight_MSP
LN-10773,BOR-20773,Auto_Loan,2022-10-19,2052-05-14,511557.3,472107.72,3.626,360,ND,Refinance_CashOut,B,6 years,$75k - $120k,CURRENT,0,Evergreen Capital Servicing,2026-07-15,2026-07-15 17:44:07,VERIFIED,Fiserv_Core
LN-10774,BOR-20774,ARM_5_1,2023-03-02,2052-09-25,647380.15,477979.33,8.308,360,AK,Debt_Consolidation,C,7 years,$40k - $75k,DELINQUENT_60,60,Beacon Servicing Group,2026-08-16,2026-07-17 17:44:07,VERIFIED,Empower_Origination
LN-10775,BOR-20775,FHA_30Y,2022-05-02,2037-02-12,662229.86,554174.97,7.902,180,FL,Refinance_CashOut,D,15 years,$120k - $200k,CURRENT,0,Evergreen Capital Servicing,2026-07-04,2026-08-18 17:44:07,VERIFIED,Empower_Origination
LN-10776,BOR-20776,Auto_Loan,2022-01-22,2041-10-09,591743.74,415886.02,4.791,240,MS,Refinance_RateTerm,D,3 years,> $200k,CURRENT,0,Citadel Loan Partners,2026-07-07,2026-08-16 17:44:07,VERIFIED,Fiserv_Core
LN-10777,BOR-20777,Auto_Loan,2022-05-17,2042-02-01,536569.83,462690.25,3.441,240,OK,Refinance_RateTerm,A-,1 years,$75k - $120k,CURRENT,0,Citadel Loan Partners,2026-07-06,2026-07-29 17:44:07,VERIFIED,Empower_Origination
LN-10778,BOR-20778,Auto_Loan,2022-01-27,2036-11-09,311944.1,194460.54,8.474,180,WA,Home_Improvement,B-,17 years,$40k - $75k,DELINQUENT_90,90,Citadel Loan Partners,2026-08-15,2026-08-02 17:44:07,VERIFIED,BlackKnight_MSP
LN-10779,BOR-20779,Auto_Loan,2022-09-14,2037-06-27,241119.48,174443.59,6.44,180,KY,Purchase,B,9 years,< $40k,CURRENT,0,Delta Servicing Co.,2026-07-14,2026-07-16 17:44:07,VERIFIED,Fiserv_Core
LN-10780,BOR-20780,Personal_Installment,2022-04-30,2037-02-10,574955.2,415898.46,5.887,180,OH,Purchase,B-,1 years,> $200k,CURRENT,0,Beacon Servicing Group,2026-06-27,2026-08-17 17:44:07,VERIFIED,LOS_Encompass
LN-10781,BOR-20781,Commercial_Mortgage,2021-02-27,2035-12-11,360364.6,252721.24,4.557,180,KS,Refinance_RateTerm,B+,1 years,$75k - $120k,CURRENT,0,Citadel Loan Partners,2026-07-07,2026-08-15 17:44:07,VERIFIED,Spreadsheet_Manual_Upload
LN-10782,BOR-20782,ARM_5_1,2021-01-15,2050-08-11,708381.61,573002.39,7.567,360,RI,Purchase,A,7 years,> $200k,CURRENT,0,Beacon Servicing Group,2026-07-24,2026-08-23 17:44:07,VERIFIED,BlackKnight_MSP
LN-10783,BOR-20783,VA_30Y,2022-06-02,2051-12-27,336476.06,244835.16,7.592,360,CA,Refinance_RateTerm,B,18 years,$75k - $120k,DELINQUENT_120,120,Evergreen Capital Servicing,2026-06-29,2026-07-12 17:44:07,VERIFIED,LOS_Encompass
LN-10784,BOR-20784,Personal_Installment,2021-04-30,2036-02-11,692607.76,613736.82,3.247,180,CO,Debt_Consolidation,A+,6 years,< $40k,CURRENT,0,Apex Mortgage Servicing,2026-07-06,2026-08-10 17:44:07,VERIFIED,BlackKnight_MSP
LN-10785,BOR-20785,VA_30Y,2023-02-13,2052-09-08,566677.33,476762.37,4.931,360,MD,Refinance_CashOut,B,5 years,> $200k,CURRENT,0,Beacon Servicing Group,2026-08-04,2026-08-13 17:44:07,VERIFIED,Empower_Origination
LN-10786,BOR-20786,Jumbo_30Y,2022-12-16,2042-09-02,357718.83,328262.75,4.792,240,AL,Refinance_RateTerm,D,15 years,$40k - $75k,DELINQUENT_120,120,Beacon Servicing Group,2026-07-18,2026-07-20 17:44:07,VERIFIED,Empower_Origination
LN-10787,BOR-20787,Commercial_Mortgage,2022-10-24,2042-07-11,617635.83,414622.03,3.943,240,DE,Debt_Consolidation,D,9 years,< $40k,CURRENT,0,Beacon Servicing Group,2026-07-23,2026-08-09 17:44:07,VERIFIED,LOS_Encompass
LN-10788,BOR-20788,Conventional_15Y,2022-11-06,2052-06-01,491779.57,385396.12,5.437,360,CO,Refinance_RateTerm,E,13 years,> $200k,CURRENT,0,Apex Mortgage Servicing,2026-07-12,2026-08-03 17:44:07,VERIFIED,LOS_Encompass
LN-10789,BOR-20789,FHA_30Y,2022-05-02,2042-01-17,284298.73,0.0,3.326,240,SC,Refinance_RateTerm,A-,15 years,> $200k,PAID_OFF,0,Evergreen Capital Servicing,2026-07-23,2026-07-19 17:44:07,VERIFIED,Spreadsheet_Manual_Upload
LN-10790,BOR-20790,Commercial_Mortgage,2022-02-13,2051-09-09,381500.45,329900.2,6.909,360,WV,Refinance_RateTerm,C,13 years,$75k - $120k,DELINQUENT_60,60,Evergreen Capital Servicing,2026-08-15,2026-07-30 17:44:07,VERIFIED,Fiserv_Core
LN-10791,BOR-20791,Jumbo_30Y,2022-02-15,2051-09-11,465153.24,415191.55,3.707,360,WI,Debt_Consolidation,D,7 years,> $200k,CURRENT,0,Citadel Loan Partners,2026-07-02,2026-08-22 17:44:07,VERIFIED,LOS_Encompass
LN-10792,BOR-20792,Jumbo_30Y,2023-04-01,2038-01-12,292271.71,237149.89,5.398,180,RI,Refinance_CashOut,B+,6 years,$75k - $120k,CURRENT,0,Beacon Servicing Group,2026-07-25,2026-08-20 17:44:07,VERIFIED,Empower_Origination
LN-10793,BOR-20793,FHA_30Y,2022-07-23,2052-02-16,641967.88,525777.96,5.495,360,SC,Purchase,C,18 years,$120k - $200k,CURRENT,0,Delta Servicing Co.,2026-06-29,2026-07-27 17:44:07,VERIFIED,Empower_Origination
LN-10794,BOR-20794,Conventional_15Y,2021-05-12,2041-01-27,272849.69,169892.09,5.049,240,CO,Refinance_RateTerm,C+,13 years,> $200k,DELINQUENT_120,120,Evergreen Capital Servicing,2026-08-20,2026-08-11 17:44:07,VERIFIED,Spreadsheet_Manual_Upload
LN-10795,BOR-20795,FHA_30Y,2022-01-13,2036-10-26,303596.31,235132.43,2.759,180,WV,Home_Improvement,A,8 years,$40k - $75k,CURRENT,0,Citadel Loan Partners,2026-07-25,2026-08-20 17:44:07,VERIFIED,BlackKnight_MSP
LN-10796,BOR-20796,Commercial_Mortgage,2021-07-04,2051-01-28,347997.92,295889.6,4.974,360,IA,Purchase,B,14 years,$40k - $75k,CURRENT,0,Apex Mortgage Servicing,2026-07-23,2026-08-20 17:44:07,VERIFIED,BlackKnight_MSP
LN-10797,BOR-20797,Conventional_15Y,2023-06-03,2052-12-27,333131.48,222391.76,3.675,360,NC,Debt_Consolidation,D,13 years,$120k - $200k,DELINQUENT_120,120,Delta Servicing Co.,2026-07-03,2026-08-22 17:44:07,VERIFIED,BlackKnight_MSP
LN-10798,BOR-20798,Commercial_Mortgage,2023-01-30,2042-10-17,493882.03,364844.18,7.364,240,CT,Debt_Consolidation,B-,16 years,$75k - $120k,CURRENT,0,Apex Mortgage Servicing,2026-07-02,2026-08-14 17:44:07,VERIFIED,Fiserv_Core
LN-10799,BOR-20799,Auto_Loan,2023-06-11,2043-02-26,522303.24,468696.37,4.688,240,SD,Debt_Consolidation,B,7 years,> $200k,CURRENT,0,Delta Servicing Co.,2026-07-25,2026-08-22 17:44:07,VERIFIED,Fiserv_Core
LN-10800,BOR-20800,Jumbo_30Y,2021-05-05,2036-02-16,657527.7,518731.66,3.038,180,WV,Refinance_RateTerm,B,14 years,$75k - $120k,CURRENT,0,Apex Mortgage Servicing,2026-07-18,2026-08-08 17:44:07,VERIFIED,Empower_Origination
LN-10801,BOR-20801,Jumbo_30Y,2022-03-04,2041-11-19,62263.3,52075.69,6.407,240,WV,Purchase,B-,2 years,> $200k,CURRENT,0,Apex Mortgage Servicing,2026-07-18,2026-08-19 17:44:07,VERIFIED,Empower_Origination
LN-10802,BOR-20802,FHA_30Y,2022-05-21,2051-12-15,351770.38,300361.36,8.338,360,DE,Debt_Consolidation,B+,17 years,> $200k,CURRENT,0,Citadel Loan Partners,2026-08-19,2026-08-16 17:44:07,VERIFIED,Spreadsheet_Manual_Upload
LN-10803,BOR-20803,Conventional_15Y,2022-06-09,2042-02-24,736186.54,679082.24,8.083,240,AK,Refinance_RateTerm,C+,13 years,< $40k,CURRENT,0,Apex Mortgage Servicing,2026-06-29,2026-07-29 17:44:07,VERIFIED,LOS_Encompass
LN-10804,BOR-20804,VA_30Y,2021-09-25,2051-04-21,746442.89,548297.0,5.85,360,TN,Purchase,B-,16 years,$40k - $75k,CURRENT,0,Beacon Servicing Group,2026-08-04,2026-07-24 17:44:07,VERIFIED,LOS_Encompass
LN-10805,BOR-20805,Commercial_Mortgage,2022-11-26,2037-09-08,249438.75,236525.84,3.941,180,OR,Refinance_CashOut,B,9 years,$120k - $200k,CURRENT,0,Citadel Loan Partners,2026-08-15,2026-08-11 17:44:07,VERIFIED,Empower_Origination
LN-10806,BOR-20806,Conventional_30Y,2021-11-29,2051-06-25,204740.4,150691.97,6.937,360,WV,Home_Improvement,E,14 years,> $200k,CURRENT,0,Evergreen Capital Servicing,2026-08-21,2026-08-04 17:44:07,VERIFIED,BlackKnight_MSP
LN-10807,BOR-20807,ARM_5_1,2023-04-23,2043-01-08,361068.14,284636.64,7.02,240,AZ,Debt_Consolidation,A-,13 years,$75k - $120k,CURRENT,0,Evergreen Capital Servicing,2026-08-16,2026-07-16 17:44:07,VERIFIED,Fiserv_Core
LN-10808,BOR-20808,Auto_Loan,2021-03-27,2040-12-12,195285.84,118205.74,4.873,240,MD,Refinance_RateTerm,C,15 years,< $40k,CURRENT,0,Evergreen Capital Servicing,2026-07-30,2026-07-20 17:44:07,VERIFIED,Fiserv_Core
LN-10809,BOR-20809,Commercial_Mortgage,2023-02-09,2037-11-22,731349.95,552349.26,5.572,180,TN,Home_Improvement,D,5 years,$120k - $200k,CURRENT,0,Apex Mortgage Servicing,2026-07-27,2026-08-12 17:44:07,VERIFIED,Empower_Origination
LN-10810,BOR-20810,Conventional_15Y,2021-10-24,2051-05-20,175035.71,156535.99,7.221,360,AK,Home_Improvement,D,14 years,$75k - $120k,CURRENT,0,Evergreen Capital Servicing,2026-08-04,2026-08-05 17:44:07,VERIFIED,BlackKnight_MSP
LN-10811,BOR-20811,Conventional_15Y,2023-06-25,2053-01-18,530790.72,386631.73,6.408,360,AR,Debt_Consolidation,D,13 years,$40k - $75k,CURRENT,0,Delta Servicing Co.,2026-08-03,2026-07-28 17:44:07,VERIFIED,Empower_Origination
LN-10812,BOR-20812,FHA_30Y,2021-10-23,2041-07-10,52336.17,34518.15,7.137,240,ME,Refinance_CashOut,A,13 years,> $200k,CURRENT,0,Delta Servicing Co.,2026-08-09,2026-07-16 17:44:07,VERIFIED,LOS_Encompass
LN-10813,BOR-20813,VA_30Y,2022-09-17,2037-06-30,483944.21,290551.17,6.198,180,ND,Home_Improvement,A+,11 years,> $200k,CURRENT,0,Delta Servicing Co.,2026-07-09,2026-08-20 17:44:07,VERIFIED,BlackKnight_MSP
LN-10814,BOR-20814,Conventional_30Y,2022-09-08,2052-04-03,668458.74,481998.45,5.924,360,WA,Refinance_CashOut,C,12 years,$40k - $75k,CURRENT,0,Beacon Servicing Group,2026-08-01,2026-08-17 17:44:07,VERIFIED,BlackKnight_MSP
LN-10815,BOR-20815,Conventional_15Y,2021-07-31,2036-05-13,454321.57,358588.05,6.681,180,CT,Refinance_CashOut,A-,15 years,> $200k,CURRENT,0,Citadel Loan Partners,2026-06-27,2026-08-15 17:44:07,VERIFIED,Empower_Origination
LN-10816,BOR-20816,Personal_Installment,2023-09-13,2053-04-08,98889.59,68034.75,6.672,360,OR,Debt_Consolidation,C,13 years,< $40k,CURRENT,0,Evergreen Capital Servicing,2026-08-14,2026-07-18 17:44:07,VERIFIED,Spreadsheet_Manual_Upload
LN-10817,BOR-20817,Conventional_30Y,2022-05-08,2042-01-23,629427.68,584785.4,7.417,240,ND,Purchase,B-,13 years,> $200k,CURRENT,0,Apex Mortgage Servicing,2026-08-15,2026-08-16 17:44:07,VERIFIED,BlackKnight_MSP
LN-10818,BOR-20818,Conventional_15Y,2021-06-23,2051-01-17,306525.15,220763.11,3.566,360,TN,Home_Improvement,B+,9 years,< $40k,CURRENT,0,Delta Servicing Co.,2026-07-07,2026-07-25 17:44:07,VERIFIED,Empower_Origination
LN-10819,BOR-20819,Jumbo_30Y,2021-10-30,2041-07-17,532435.88,444194.52,5.34,240,IN,Debt_Consolidation,B,2 years,$40k - $75k,CURRENT,0,Beacon Servicing Group,2026-07-29,2026-07-20 17:44:07,VERIFIED,BlackKnight_MSP
LN-10820,BOR-20820,Jumbo_30Y,2023-08-26,2043-05-13,551085.68,414045.01,4.502,240,SD,Home_Improvement,B,5 years,$40k - $75k,CURRENT,0,Delta Servicing Co.,2026-08-05,2026-07-16 17:44:07,VERIFIED,Empower_Origination
LN-10821,BOR-20821,Conventional_30Y,2022-08-21,2037-06-03,262069.6,195377.56,4.242,180,ND,Debt_Consolidation,D,13 years,$120k - $200k,CURRENT,0,Citadel Loan Partners,2026-07-11,2026-08-16 17:44:07,VERIFIED,Spreadsheet_Manual_Upload
LN-10822,BOR-20822,Auto_Loan,2022-06-20,2042-03-07,312053.81,0.0,5.54,240,NJ,Debt_Consolidation,C,6 years,$120k - $200k,PAID_OFF,0,Apex Mortgage Servicing,2026-07-31,2026-08-11 17:44:07,VERIFIED,BlackKnight_MSP
LN-10823,BOR-20823,VA_30Y,2021-06-03,2036-03-16,244820.88,165913.88,7.288,180,ME,Refinance_CashOut,B-,16 years,$120k - $200k,CURRENT,0,Apex Mortgage Servicing,2026-06-29,2026-07-23 17:44:07,VERIFIED,Empower_Origination
LN-10824,BOR-20824,VA_30Y,2022-11-12,2042-07-30,72988.37,53336.93,8.224,240,AR,Purchase,B,18 years,> $200k,CURRENT,0,Apex Mortgage Servicing,2026-07-01,2026-08-22 17:44:07,VERIFIED,Fiserv_Core
LN-10825,BOR-20825,Auto_Loan,2021-09-08,2036-06-21,229250.45,158457.33,6.716,180,ME,Refinance_CashOut,B+,15 years,$40k - $75k,DELINQUENT_90,90,Evergreen Capital Servicing,2026-08-04,2026-08-20 17:44:07,VERIFIED,Empower_Origination
LN-10826,BOR-20826,Conventional_15Y,2022-06-20,2037-04-02,261932.6,229791.84,4.153,180,VT,Debt_Consolidation,C,15 years,< $40k,CURRENT,0,Citadel Loan Partners,2026-07-02,2026-07-16 17:44:07,VERIFIED,LOS_Encompass
LN-10827,BOR-20827,VA_30Y,2021-04-30,2041-01-15,359328.65,281493.56,3.324,240,ID,Refinance_CashOut,E,16 years,$75k - $120k,CURRENT,0,Apex Mortgage Servicing,2026-07-06,2026-07-28 17:44:07,VERIFIED,Empower_Origination
LN-10828,BOR-20828,Personal_Installment,2021-09-15,2036-06-28,578192.18,427588.18,5.582,180,VA,Refinance_RateTerm,D,16 years,> $200k,CURRENT,0,Citadel Loan Partners,2026-06-27,2026-07-22 17:44:07,VERIFIED,Empower_Origination
LN-10829,BOR-20829,ARM_5_1,2022-11-26,2042-08-13,442885.02,372873.13,5.28,240,VT,Refinance_CashOut,C,1 years,$75k - $120k,CURRENT,0,Delta Servicing Co.,2026-08-11,2026-08-14 17:44:07,VERIFIED,LOS_Encompass
LN-10830,BOR-20830,Commercial_Mortgage,2021-11-08,2051-06-04,116197.58,75329.68,4.719,360,MT,Debt_Consolidation,A-,7 years,< $40k,CURRENT,0,Evergreen Capital Servicing,2026-08-02,2026-08-05 17:44:07,VERIFIED,Spreadsheet_Manual_Upload
LN-10831,BOR-20831,Personal_Installment,2022-12-03,2037-09-15,260042.99,191564.74,6.033,180,MI,Refinance_RateTerm,A-,7 years,$120k - $200k,CURRENT,0,Evergreen Capital Servicing,2026-07-10,2026-08-15 17:44:07,VERIFIED,BlackKnight_MSP
LN-10832,BOR-20832,Auto_Loan,2022-11-01,2042-07-19,466660.75,375233.41,6.927,240,MA,Refinance_RateTerm,C,10 years,$75k - $120k,CURRENT,0,Citadel Loan Partners,2026-06-29,2026-08-05 17:44:07,VERIFIED,Fiserv_Core
LN-10833,BOR-20833,Jumbo_30Y,2022-07-31,2042-04-17,325479.54,261687.74,7.133,240,KY,Purchase,C+,12 years,$40k - $75k,CURRENT,0,Apex Mortgage Servicing,2026-06-30,2026-08-13 17:44:07,VERIFIED,Empower_Origination
LN-10834,BOR-20834,Jumbo_30Y,2023-05-03,2043-01-18,311432.63,260779.35,7.298,240,CO,Debt_Consolidation,D,7 years,$40k - $75k,CURRENT,0,Citadel Loan Partners,2026-08-15,2026-08-21 17:44:07,VERIFIED,Empower_Origination
LN-10835,BOR-20835,FHA_30Y,2023-01-11,2042-09-28,385777.89,269102.3,5.452,240,NY,Home_Improvement,C,8 years,$75k - $120k,CURRENT,0,Apex Mortgage Servicing,2026-08-15,2026-08-22 17:44:07,VERIFIED,BlackKnight_MSP
LN-10836,BOR-20836,Jumbo_30Y,2022-01-14,2051-08-10,356687.06,303368.63,5.463,360,AK,Purchase,B-,14 years,$40k - $75k,CURRENT,0,Evergreen Capital Servicing,2026-08-09,2026-07-21 17:44:07,VERIFIED,LOS_Encompass
LN-10837,BOR-20837,Personal_Installment,2021-12-02,2036-09-14,450913.22,307984.77,4.249,180,MS,Refinance_RateTerm,A+,5 years,< $40k,CURRENT,0,Citadel Loan Partners,2026-06-28,2026-08-02 17:44:07,VERIFIED,Fiserv_Core
LN-10838,BOR-20838,VA_30Y,2021-11-25,2036-09-07,377828.48,298000.39,4.665,180,MT,Refinance_RateTerm,B,1 years,$40k - $75k,DELINQUENT_120,120,Delta Servicing Co.,2026-07-27,2026-07-25 17:44:07,VERIFIED,LOS_Encompass
LN-10839,BOR-20839,Auto_Loan,2023-07-24,2038-05-06,742750.15,608523.29,6.003,180,NY,Debt_Consolidation,B-,18 years,$120k - $200k,CURRENT,0,Apex Mortgage Servicing,2026-07-05,2026-08-21 17:44:07,VERIFIED,Spreadsheet_Manual_Upload
LN-10840,BOR-20840,Conventional_15Y,2023-03-11,2052-10-04,128634.45,115079.16,5.703,360,PA,Debt_Consolidation,C,7 years,< $40k,CURRENT,0,Citadel Loan Partners,2026-07-23,2026-07-28 17:44:07,VERIFIED,Empower_Origination
LN-10841,BOR-20841,ARM_5_1,2021-07-06,2036-04-18,503487.9,418431.98,5.784,180,DE,Home_Improvement,A+,13 years,> $200k,CURRENT,0,Delta Servicing Co.,2026-08-20,2026-08-25 17:44:07,VERIFIED,Empower_Origination
LN-10842,BOR-20842,ARM_5_1,2021-06-04,2041-02-19,231197.07,201601.19,6.629,240,CO,Debt_Consolidation,C,7 years,> $200k,CURRENT,0,Evergreen Capital Servicing,2026-08-12,2026-08-13 17:44:07,VERIFIED,Empower_Origination
LN-10843,BOR-20843,VA_30Y,2021-07-05,2041-03-22,120627.54,92075.28,8.181,240,NY,Refinance_CashOut,D,12 years,< $40k,CURRENT,0,Beacon Servicing Group,2026-07-10,2026-08-12 17:44:07,VERIFIED,Empower_Origination
LN-10844,BOR-20844,Jumbo_30Y,2022-03-11,2036-12-22,743702.54,645873.98,8.039,180,WY,Refinance_RateTerm,A+,5 years,$120k - $200k,CURRENT,0,Apex Mortgage Servicing,2026-07-24,2026-08-12 17:44:07,VERIFIED,Fiserv_Core
LN-10845,BOR-20845,Conventional_30Y,2022-03-26,2041-12-11,329424.74,289244.38,4.938,240,GA,Purchase,A-,17 years,> $200k,CURRENT,0,Beacon Servicing Group,2026-08-14,2026-07-25 17:44:07,VERIFIED,Spreadsheet_Manual_Upload
LN-10846,BOR-20846,ARM_5_1,2021-11-21,2051-06-17,340589.51,298487.67,3.272,360,AR,Refinance_RateTerm,C,9 years,> $200k,DELINQUENT_120,120,Apex Mortgage Servicing,2026-08-21,2026-08-01 17:44:07,VERIFIED,Fiserv_Core
LN-10847,BOR-20847,Commercial_Mortgage,2021-12-30,2036-10-12,302274.71,0.0,3.126,180,ME,Refinance_RateTerm,B+,3 years,$120k - $200k,PAID_OFF,0,Citadel Loan Partners,2026-07-06,2026-07-15 17:44:07,VERIFIED,BlackKnight_MSP
LN-10848,BOR-20848,Conventional_30Y,2023-05-18,2038-02-28,224298.69,168761.72,3.486,180,MI,Refinance_CashOut,C,2 years,< $40k,CURRENT,0,Citadel Loan Partners,2026-07-29,2026-07-17 17:44:07,VERIFIED,Fiserv_Core
LN-10849,BOR-20849,FHA_30Y,2021-06-26,2041-03-13,172246.24,132369.53,3.62,240,RI,Refinance_CashOut,B-,4 years,$40k - $75k,DELINQUENT_60,60,Citadel Loan Partners,2026-07-27,2026-07-16 17:44:07,VERIFIED,BlackKnight_MSP
LN-10850,BOR-20850,Jumbo_30Y,2021-11-25,2051-06-21,69934.73,65805.75,2.914,360,IA,Purchase,A-,14 years,< $40k,CURRENT,0,Evergreen Capital Servicing,2026-08-11,2026-08-15 17:44:07,VERIFIED,LOS_Encompass
LN-10851,BOR-20851,Conventional_30Y,2023-07-08,2043-03-25,205889.78,165337.93,3.131,240,IA,Home_Improvement,C+,18 years,$120k - $200k,CURRENT,0,Apex Mortgage Servicing,2026-08-02,2026-07-26 17:44:07,VERIFIED,Fiserv_Core
LN-10852,BOR-20852,Jumbo_30Y,2021-11-27,2036-09-09,509461.99,418801.21,6.278,180,SD,Purchase,C,16 years,> $200k,CURRENT,0,Beacon Servicing Group,2026-07-01,2026-08-16 17:44:07,VERIFIED,Empower_Origination
LN-10853,BOR-20853,Conventional_15Y,2021-04-08,2050-11-02,552087.65,469934.29,6.286,360,TN,Refinance_CashOut,B,6 years,$75k - $120k,CURRENT,0,Evergreen Capital Servicing,2026-07-19,2026-07-23 17:44:07,VERIFIED,Spreadsheet_Manual_Upload
LN-10854,BOR-20854,Jumbo_30Y,2021-12-02,2036-09-14,345414.67,248207.85,6.081,180,NY,Home_Improvement,A+,7 years,$40k - $75k,DELINQUENT_30,30,Beacon Servicing Group,2026-08-11,2026-07-31 17:44:07,VERIFIED,BlackKnight_MSP
LN-10855,BOR-20855,Conventional_30Y,2022-05-08,2051-12-02,388691.4,322471.75,6.365,360,NE,Home_Improvement,C,7 years,$120k - $200k,CURRENT,0,Apex Mortgage Servicing,2026-07-05,2026-08-08 17:44:07,VERIFIED,Spreadsheet_Manual_Upload
LN-10856,BOR-20856,ARM_5_1,2023-07-03,2043-03-20,180423.58,149869.92,7.764,240,WY,Debt_Consolidation,C,4 years,$75k - $120k,CURRENT,0,Citadel Loan Partners,2026-07-25,2026-07-15 17:44:07,VERIFIED,LOS_Encompass
LN-10857,BOR-20857,Auto_Loan,2021-04-07,2036-01-19,208987.54,165078.9,3.389,180,NM,Refinance_RateTerm,A-,12 years,$75k - $120k,CURRENT,0,Apex Mortgage Servicing,2026-06-27,2026-07-24 17:44:07,VERIFIED,Empower_Origination
LN-10858,BOR-20858,Commercial_Mortgage,2021-07-19,2051-02-12,149195.9,106197.49,7.211,360,WA,Refinance_RateTerm,D,5 years,> $200k,CURRENT,0,Evergreen Capital Servicing,2026-07-29,2026-07-22 17:44:07,VERIFIED,Empower_Origination
LN-10859,BOR-20859,Auto_Loan,2022-01-19,2036-11-01,161124.86,114698.52,6.401,180,HI,Refinance_CashOut,A-,18 years,> $200k,CURRENT,0,Apex Mortgage Servicing,2026-07-27,2026-08-07 17:44:07,VERIFIED,Fiserv_Core
LN-10860,BOR-20860,Auto_Loan,2023-07-05,2043-03-22,383582.08,321183.84,6.899,240,WI,Purchase,A,9 years,> $200k,CURRENT,0,Evergreen Capital Servicing,2026-07-14,2026-08-21 17:44:07,VERIFIED,LOS_Encompass
LN-10861,BOR-20861,Commercial_Mortgage,2021-05-28,2036-03-10,386652.49,345633.09,8.34,180,TN,Home_Improvement,A-,14 years,$120k - $200k,CURRENT,0,Citadel Loan Partners,2026-08-17,2026-08-11 17:44:07,VERIFIED,BlackKnight_MSP
LN-10862,BOR-20862,FHA_30Y,2021-05-07,2041-01-22,558185.27,415805.94,6.616,240,AZ,Home_Improvement,A-,9 years,$75k - $120k,DELINQUENT_30,30,Evergreen Capital Servicing,2026-08-02,2026-07-23 17:44:07,VERIFIED,LOS_Encompass
LN-10863,BOR-20863,Personal_Installment,2022-11-08,2037-08-21,356790.39,236272.26,5.862,180,HI,Home_Improvement,A-,3 years,$75k - $120k,CURRENT,0,Apex Mortgage Servicing,2026-07-28,2026-08-09 17:44:07,VERIFIED,LOS_Encompass
LN-10864,BOR-20864,Personal_Installment,2022-08-23,2042-05-10,167919.21,117809.39,7.727,240,NV,Refinance_RateTerm,B+,17 years,< $40k,DELINQUENT_90,90,Beacon Servicing Group,2026-06-27,2026-07-14 17:44:07,VERIFIED,Fiserv_Core
LN-10865,BOR-20865,Commercial_Mortgage,2021-02-28,2040-11-15,496641.94,321422.42,4.361,240,ND,Refinance_RateTerm,B,17 years,$75k - $120k,CURRENT,0,Citadel Loan Partners,2026-08-16,2026-08-25 17:44:07,VERIFIED,LOS_Encompass
LN-10866,BOR-20866,Personal_Installment,2022-08-23,2037-06-05,396483.26,294634.82,6.577,180,OH,Home_Improvement,D,13 years,> $200k,CURRENT,0,Delta Servicing Co.,2026-08-19,2026-07-18 17:44:07,VERIFIED,LOS_Encompass
LN-10867,BOR-20867,Conventional_15Y,2021-04-08,2050-11-02,132231.35,90259.7,4.824,360,MT,Debt_Consolidation,C+,13 years,< $40k,CURRENT,0,Delta Servicing Co.,2026-07-16,2026-07-23 17:44:07,VERIFIED,LOS_Encompass
LN-10868,BOR-20868,Commercial_Mortgage,2023-02-02,2052-08-28,594341.54,425445.17,2.897,360,NE,Refinance_CashOut,A+,11 years,< $40k,CURRENT,0,Apex Mortgage Servicing,2026-07-06,2026-07-27 17:44:07,VERIFIED,BlackKnight_MSP
LN-10869,BOR-20869,ARM_5_1,2021-12-19,2051-07-15,296664.92,181571.98,4.341,360,FL,Refinance_RateTerm,C,9 years,$40k - $75k,CURRENT,0,Evergreen Capital Servicing,2026-07-11,2026-08-05 17:44:07,VERIFIED,Fiserv_Core
LN-10870,BOR-20870,ARM_5_1,2023-05-15,2038-02-25,399885.48,367453.04,4.773,180,KS,Refinance_CashOut,B-,10 years,< $40k,CURRENT,0,Delta Servicing Co.,2026-08-01,2026-07-17 17:44:07,VERIFIED,Fiserv_Core
LN-10871,BOR-20871,FHA_30Y,2021-07-27,2041-04-13,235276.27,165260.73,4.766,240,CT,Refinance_RateTerm,A-,6 years,$75k - $120k,DELINQUENT_60,60,Evergreen Capital Servicing,2026-08-02,2026-07-24 17:44:07,VERIFIED,Spreadsheet_Manual_Upload
LN-10872,BOR-20872,Jumbo_30Y,2022-07-06,2052-01-30,174535.67,128028.05,3.187,360,PA,Purchase,E,13 years,$75k - $120k,CURRENT,0,Citadel Loan Partners,2026-07-27,2026-08-17 17:44:07,VERIFIED,Fiserv_Core
LN-10873,BOR-20873,Conventional_15Y,2023-04-15,2052-11-08,663525.12,444913.15,6.277,360,PA,Refinance_RateTerm,B+,15 years,< $40k,CURRENT,0,Citadel Loan Partners,2026-08-20,2026-07-25 17:44:07,VERIFIED,Empower_Origination
LN-10874,BOR-20874,VA_30Y,2023-06-16,2038-03-29,208082.86,150493.17,3.992,180,CA,Refinance_RateTerm,B+,1 years,> $200k,CURRENT,0,Evergreen Capital Servicing,2026-07-17,2026-07-20 17:44:07,VERIFIED,Empower_Origination
LN-10875,BOR-20875,Commercial_Mortgage,2023-05-19,2038-03-01,412999.97,334585.36,6.059,180,LA,Refinance_RateTerm,B-,9 years,$120k - $200k,CURRENT,0,Beacon Servicing Group,2026-08-01,2026-07-22 17:44:07,VERIFIED,BlackKnight_MSP
LN-10876,BOR-20876,Conventional_15Y,2021-05-18,2050-12-12,275163.79,181716.31,6.789,360,KS,Debt_Consolidation,A-,4 years,> $200k,CURRENT,0,Apex Mortgage Servicing,2026-07-01,2026-07-18 17:44:07,VERIFIED,Empower_Origination
LN-10877,BOR-20877,ARM_5_1,2022-12-20,2052-07-15,501476.17,379153.35,8.414,360,UT,Refinance_RateTerm,E,2 years,$120k - $200k,CURRENT,0,Delta Servicing Co.,2026-08-17,2026-08-15 17:44:07,VERIFIED,LOS_Encompass
LN-10878,BOR-20878,Auto_Loan,2022-07-27,2042-04-13,505194.3,321533.66,5.491,240,SD,Refinance_CashOut,A,12 years,< $40k,CURRENT,0,Citadel Loan Partners,2026-07-06,2026-08-24 17:44:07,VERIFIED,Spreadsheet_Manual_Upload
LN-10879,BOR-20879,Personal_Installment,2022-12-23,2042-09-09,585055.64,528495.46,5.028,240,RI,Home_Improvement,B,18 years,$75k - $120k,CURRENT,0,Evergreen Capital Servicing,2026-07-26,2026-08-16 17:44:07,VERIFIED,Spreadsheet_Manual_Upload
LN-10880,BOR-20880,ARM_5_1,2023-09-22,2038-07-05,476716.1,334063.67,4.811,180,GA,Purchase,E,3 years,> $200k,CURRENT,0,Beacon Servicing Group,2026-08-06,2026-07-18 17:44:07,VERIFIED,Empower_Origination
LN-10881,BOR-20881,FHA_30Y,2022-10-27,2037-08-09,700178.33,486600.49,4.658,180,OH,Home_Improvement,E,13 years,$120k - $200k,CURRENT,0,Citadel Loan Partners,2026-08-10,2026-08-19 17:44:07,VERIFIED,BlackKnight_MSP
LN-10882,BOR-20882,ARM_5_1,2022-12-26,2037-10-08,351252.62,302707.77,3.272,180,IN,Home_Improvement,B+,8 years,$75k - $120k,CURRENT,0,Citadel Loan Partners,2026-07-24,2026-08-19 17:44:07,VERIFIED,Spreadsheet_Manual_Upload
LN-10883,BOR-20883,Jumbo_30Y,2023-06-20,2038-04-02,474311.6,287573.44,3.09,180,AL,Purchase,A-,1 years,> $200k,DELINQUENT_90,90,Delta Servicing Co.,2026-08-02,2026-08-24 17:44:07,VERIFIED,Spreadsheet_Manual_Upload
LN-10884,BOR-20884,ARM_5_1,2023-09-06,2038-06-19,170675.07,124120.27,5.615,180,KS,Refinance_CashOut,B-,4 years,$40k - $75k,CURRENT,0,Delta Servicing Co.,2026-07-07,2026-08-14 17:44:07,VERIFIED,Spreadsheet_Manual_Upload
LN-10885,BOR-20885,FHA_30Y,2021-02-01,2040-10-19,485457.83,302269.07,7.857,240,GA,Refinance_RateTerm,B,4 years,$75k - $120k,CURRENT,0,Beacon Servicing Group,2026-08-15,2026-07-25 17:44:07,VERIFIED,Empower_Origination
LN-10886,BOR-20886,FHA_30Y,2023-08-01,2053-02-24,286177.69,226328.35,6.536,360,LA,Home_Improvement,A,18 years,< $40k,CURRENT,0,Beacon Servicing Group,2026-06-30,2026-07-25 17:44:07,VERIFIED,Empower_Origination
LN-10887,BOR-20887,Commercial_Mortgage,2022-01-02,2036-10-15,91036.93,55184.68,5.512,180,RI,Debt_Consolidation,A,17 years,< $40k,CURRENT,0,Evergreen Capital Servicing,2026-07-16,2026-07-20 17:44:07,VERIFIED,Spreadsheet_Manual_Upload
LN-10888,BOR-20888,Auto_Loan,2023-02-15,2042-11-02,432466.78,380429.68,4.592,240,CT,Refinance_CashOut,B,14 years,$120k - $200k,CURRENT,0,Apex Mortgage Servicing,2026-07-21,2026-08-19 17:44:07,VERIFIED,BlackKnight_MSP
LN-10889,BOR-20889,Auto_Loan,2022-09-17,2042-06-04,322166.06,249947.67,7.272,240,MD,Purchase,D,2 years,$40k - $75k,CURRENT,0,Evergreen Capital Servicing,2026-07-05,2026-07-20 17:44:07,VERIFIED,Spreadsheet_Manual_Upload
LN-10890,BOR-20890,FHA_30Y,2021-11-18,2051-06-14,567479.94,432985.92,3.021,360,WI,Home_Improvement,B+,12 years,> $200k,DELINQUENT_120,120,Evergreen Capital Servicing,2026-07-19,2026-08-14 17:44:07,VERIFIED,Spreadsheet_Manual_Upload
LN-10891,BOR-20891,ARM_5_1,2022-12-17,2052-07-12,81304.5,71135.53,5.379,360,VA,Refinance_CashOut,B-,3 years,$40k - $75k,CURRENT,0,Evergreen Capital Servicing,2026-08-21,2026-08-23 17:44:07,VERIFIED,Fiserv_Core
LN-10892,BOR-20892,VA_30Y,2021-04-30,2050-11-24,697018.57,661011.58,4.132,360,MN,Refinance_CashOut,C+,8 years,$75k - $120k,CURRENT,0,Beacon Servicing Group,2026-08-12,2026-07-18 17:44:07,VERIFIED,Empower_Origination
LN-10893,BOR-20893,Jumbo_30Y,2022-11-28,2042-08-15,449377.81,291057.43,6.351,240,AZ,Refinance_RateTerm,C+,1 years,$120k - $200k,CURRENT,0,Beacon Servicing Group,2026-06-30,2026-07-25 17:44:07,VERIFIED,BlackKnight_MSP
LN-10894,BOR-20894,Conventional_30Y,2022-12-11,2052-07-06,326827.93,230871.05,5.332,360,RI,Refinance_CashOut,A,4 years,< $40k,CURRENT,0,Apex Mortgage Servicing,2026-08-10,2026-07-22 17:44:07,VERIFIED,BlackKnight_MSP
LN-10895,BOR-20895,FHA_30Y,2021-09-20,2051-04-16,718722.04,502919.87,6.746,360,MD,Debt_Consolidation,B,10 years,> $200k,CURRENT,0,Delta Servicing Co.,2026-06-30,2026-08-13 17:44:07,VERIFIED,LOS_Encompass
LN-10896,BOR-20896,Auto_Loan,2021-07-25,2041-04-11,138980.52,83604.36,5.447,240,OH,Purchase,B+,2 years,$120k - $200k,CURRENT,0,Apex Mortgage Servicing,2026-08-06,2026-07-29 17:44:07,VERIFIED,Spreadsheet_Manual_Upload
LN-10897,BOR-20897,ARM_5_1,2023-01-27,2042-10-14,149931.1,111106.36,2.986,240,AR,Refinance_CashOut,B+,11 years,< $40k,CURRENT,0,Citadel Loan Partners,2026-06-27,2026-08-09 17:44:07,VERIFIED,Empower_Origination
LN-10898,BOR-20898,ARM_5_1,2021-07-25,2041-04-11,681093.97,633587.76,4.935,240,MD,Debt_Consolidation,A,8 years,$40k - $75k,CURRENT,0,Delta Servicing Co.,2026-08-20,2026-07-28 17:44:07,VERIFIED,LOS_Encompass
LN-10899,BOR-20899,VA_30Y,2022-06-26,2052-01-20,251464.58,0.0,5.896,360,CO,Purchase,A,3 years,$120k - $200k,PAID_OFF,0,Beacon Servicing Group,2026-07-06,2026-08-05 17:44:07,VERIFIED,BlackKnight_MSP
LN-10900,BOR-20900,Conventional_30Y,2023-07-13,2038-04-25,122654.82,0.0,4.942,180,NE,Purchase,C+,4 years,$40k - $75k,PAID_OFF,0,Evergreen Capital Servicing,2026-08-17,2026-08-24 17:44:07,VERIFIED,Fiserv_Core
LN-10901,BOR-20901,Commercial_Mortgage,2022-12-04,2042-08-21,481234.36,381433.61,7.051,240,MT,Home_Improvement,E,9 years,$75k - $120k,CURRENT,0,Delta Servicing Co.,2026-08-12,2026-07-27 17:44:07,VERIFIED,Spreadsheet_Manual_Upload
LN-10902,BOR-20902,ARM_5_1,2021-05-28,2036-03-10,250804.46,174097.8,8.287,180,LA,Refinance_RateTerm,A-,12 years,< $40k,CURRENT,0,Apex Mortgage Servicing,2026-07-23,2026-07-30 17:44:07,VERIFIED,Spreadsheet_Manual_Upload
LN-10903,BOR-20903,VA_30Y,2021-05-09,2041-01-24,638094.74,527366.49,8.166,240,OR,Home_Improvement,C,15 years,$120k - $200k,CURRENT,0,Citadel Loan Partners,2026-08-01,2026-07-14 17:44:07,VERIFIED,Fiserv_Core
LN-10904,BOR-20904,FHA_30Y,2022-06-27,2052-01-21,194140.56,169691.32,3.848,360,WA,Debt_Consolidation,B-,15 years,> $200k,CURRENT,0,Citadel Loan Partners,2026-07-11,2026-08-06 17:44:07,VERIFIED,Empower_Origination
LN-10905,BOR-20905,Commercial_Mortgage,2022-04-27,2037-02-07,126055.13,90976.12,4.477,180,WY,Debt_Consolidation,C+,2 years,$40k - $75k,CURRENT,0,Beacon Servicing Group,2026-07-10,2026-08-01 17:44:07,VERIFIED,Spreadsheet_Manual_Upload
LN-10906,BOR-20906,Commercial_Mortgage,2023-08-24,2038-06-06,360086.24,254620.81,4.969,180,RI,Refinance_CashOut,B,5 years,$120k - $200k,CURRENT,0,Beacon Servicing Group,2026-07-26,2026-08-05 17:44:07,VERIFIED,Fiserv_Core
LN-10907,BOR-20907,VA_30Y,2021-05-14,2050-12-08,583834.19,455192.31,6.26,360,VT,Debt_Consolidation,D,2 years,< $40k,CURRENT,0,Apex Mortgage Servicing,2026-06-27,2026-08-22 17:44:07,VERIFIED,BlackKnight_MSP
LN-10908,BOR-20908,Conventional_15Y,2023-08-12,2043-04-29,681262.63,598794.1,3.616,240,AZ,Refinance_RateTerm,A,12 years,> $200k,CURRENT,0,Delta Servicing Co.,2026-07-22,2026-08-04 17:44:07,VERIFIED,Empower_Origination
LN-10909,BOR-20909,Jumbo_30Y,2021-04-14,2040-12-30,611635.15,546841.98,7.813,240,NJ,Home_Improvement,A,18 years,> $200k,CURRENT,0,Delta Servicing Co.,2026-07-08,2026-08-08 17:44:07,VERIFIED,Empower_Origination
LN-10910,BOR-20910,Conventional_15Y,2023-08-27,2053-03-22,152652.4,0.0,7.095,360,NC,Home_Improvement,C,13 years,$120k - $200k,PAID_OFF,0,Citadel Loan Partners,2026-07-24,2026-07-19 17:44:07,VERIFIED,Spreadsheet_Manual_Upload
LN-10911,BOR-20911,FHA_30Y,2023-07-05,2043-03-22,63899.67,49706.37,6.613,240,SC,Refinance_RateTerm,A,12 years,< $40k,CURRENT,0,Delta Servicing Co.,2026-08-12,2026-08-18 17:44:07,VERIFIED,Empower_Origination
LN-10912,BOR-20912,ARM_5_1,2022-12-30,2042-09-16,604947.31,408156.72,4.79,240,NV,Purchase,E,14 years,$40k - $75k,CURRENT,0,Evergreen Capital Servicing,2026-08-04,2026-07-23 17:44:07,VERIFIED,LOS_Encompass
LN-10913,BOR-20913,Personal_Installment,2023-07-17,2043-04-03,166817.34,120560.26,6.778,240,IN,Home_Improvement,C+,11 years,< $40k,CURRENT,0,Delta Servicing Co.,2026-07-10,2026-08-20 17:44:07,VERIFIED,BlackKnight_MSP
LN-10914,BOR-20914,Auto_Loan,2021-05-14,2036-02-25,660428.02,413235.89,2.811,180,NE,Purchase,B,13 years,$40k - $75k,CURRENT,0,Apex Mortgage Servicing,2026-07-08,2026-07-13 17:44:07,VERIFIED,BlackKnight_MSP
LN-10915,BOR-20915,Commercial_Mortgage,2022-01-11,2041-09-28,612202.22,398684.86,7.259,240,OR,Refinance_RateTerm,A-,12 years,$75k - $120k,CURRENT,0,Citadel Loan Partners,2026-08-16,2026-07-28 17:44:07,VERIFIED,LOS_Encompass
LN-10916,BOR-20916,ARM_5_1,2023-07-07,2053-01-30,129467.69,86256.0,7.386,360,OH,Refinance_CashOut,A,6 years,$75k - $120k,DELINQUENT_60,60,Apex Mortgage Servicing,2026-06-27,2026-08-21 17:44:07,VERIFIED,LOS_Encompass
LN-10917,BOR-20917,Conventional_30Y,2023-04-07,2052-10-31,288794.37,182483.68,3.155,360,ID,Home_Improvement,B-,4 years,> $200k,CURRENT,0,Beacon Servicing Group,2026-07-05,2026-08-20 17:44:07,VERIFIED,Empower_Origination
LN-10918,BOR-20918,Conventional_15Y,2023-09-02,2053-03-28,114110.15,91112.47,6.692,360,AZ,Purchase,A,13 years,$75k - $120k,CURRENT,0,Beacon Servicing Group,2026-07-07,2026-07-25 17:44:07,VERIFIED,Spreadsheet_Manual_Upload
LN-10919,BOR-20919,FHA_30Y,2021-10-22,2041-07-09,562095.32,417561.38,7.7,240,CT,Refinance_CashOut,D,1 years,< $40k,CURRENT,0,Beacon Servicing Group,2026-07-18,2026-07-20 17:44:07,VERIFIED,Empower_Origination
LN-10920,BOR-20920,Conventional_15Y,2023-02-19,2052-09-14,103045.83,91147.46,4.598,360,MA,Refinance_CashOut,C+,10 years,> $200k,CURRENT,0,Beacon Servicing Group,2026-07-25,2026-08-09 17:44:07,VERIFIED,BlackKnight_MSP
LN-10921,BOR-20921,VA_30Y,2021-01-08,2050-08-04,508389.52,310702.93,4.197,360,VT,Refinance_CashOut,A,2 years,< $40k,CURRENT,0,Apex Mortgage Servicing,2026-07-13,2026-07-29 17:44:07,VERIFIED,LOS_Encompass
LN-10922,BOR-20922,Personal_Installment,2023-09-28,2038-07-11,570988.09,524805.95,6.132,180,AL,Debt_Consolidation,A,9 years,$75k - $120k,CURRENT,0,Delta Servicing Co.,2026-07-29,2026-07-25 17:44:07,VERIFIED,BlackKnight_MSP
LN-10923,BOR-20923,Personal_Installment,2022-07-14,2042-03-31,749368.2,661992.04,6.127,240,NY,Refinance_RateTerm,C+,15 years,$120k - $200k,CURRENT,0,Delta Servicing Co.,2026-07-23,2026-07-27 17:44:07,VERIFIED,Fiserv_Core
LN-10924,BOR-20924,FHA_30Y,2023-01-26,2037-11-08,575386.46,462116.45,2.891,180,NC,Refinance_RateTerm,C+,5 years,$120k - $200k,CURRENT,0,Beacon Servicing Group,2026-08-12,2026-07-19 17:44:07,VERIFIED,Empower_Origination
LN-10925,BOR-20925,VA_30Y,2021-01-17,2035-10-31,323904.15,290715.33,4.69,180,TX,Home_Improvement,C+,6 years,$75k - $120k,CURRENT,0,Citadel Loan Partners,2026-08-07,2026-08-13 17:44:07,VERIFIED,Fiserv_Core
LN-10926,BOR-20926,Personal_Installment,2022-03-22,2041-12-07,713131.62,637584.43,8.322,240,FL,Refinance_RateTerm,A,3 years,$75k - $120k,CURRENT,0,Beacon Servicing Group,2026-08-06,2026-07-23 17:44:07,VERIFIED,Fiserv_Core
LN-10927,BOR-20927,VA_30Y,2022-05-18,2042-02-02,59077.32,49754.76,3.662,240,NH,Refinance_RateTerm,E,14 years,> $200k,CURRENT,0,Citadel Loan Partners,2026-07-31,2026-08-02 17:44:07,VERIFIED,Empower_Origination
LN-10928,BOR-20928,ARM_5_1,2023-09-21,2053-04-16,381466.13,360028.33,4.878,360,TN,Refinance_CashOut,B-,8 years,$75k - $120k,CURRENT,0,Delta Servicing Co.,2026-07-02,2026-08-08 17:44:07,VERIFIED,Spreadsheet_Manual_Upload
LN-10929,BOR-20929,ARM_5_1,2023-03-24,2052-10-17,281742.5,248487.81,3.481,360,CO,Debt_Consolidation,B+,8 years,$40k - $75k,CURRENT,0,Apex Mortgage Servicing,2026-08-01,2026-07-24 17:44:07,VERIFIED,LOS_Encompass
LN-10930,BOR-20930,Commercial_Mortgage,2022-10-01,2037-07-14,275158.45,210432.25,5.41,180,ND,Refinance_RateTerm,A,15 years,$120k - $200k,CURRENT,0,Citadel Loan Partners,2026-07-07,2026-08-16 17:44:07,VERIFIED,BlackKnight_MSP
LN-10931,BOR-20931,Conventional_30Y,2021-09-10,2041-05-28,206333.32,195796.16,4.798,240,HI,Home_Improvement,D,5 years,$75k - $120k,CURRENT,0,Citadel Loan Partners,2026-07-14,2026-07-22 17:44:07,VERIFIED,Empower_Origination
LN-10932,BOR-20932,VA_30Y,2022-09-12,2052-04-07,134253.69,93078.49,6.979,360,WA,Debt_Consolidation,D,10 years,$40k - $75k,CURRENT,0,Apex Mortgage Servicing,2026-08-02,2026-08-09 17:44:07,VERIFIED,Empower_Origination
LN-10933,BOR-20933,FHA_30Y,2021-01-26,2040-10-13,70174.86,50848.99,5.173,240,AL,Home_Improvement,A-,15 years,$120k - $200k,CURRENT,0,Citadel Loan Partners,2026-08-15,2026-08-08 17:44:07,VERIFIED,Fiserv_Core
LN-10934,BOR-20934,Jumbo_30Y,2022-12-25,2037-10-07,474579.73,403550.82,6.122,180,CO,Purchase,A,2 years,$75k - $120k,CURRENT,0,Citadel Loan Partners,2026-06-29,2026-08-01 17:44:07,VERIFIED,Spreadsheet_Manual_Upload
LN-10935,BOR-20935,Conventional_30Y,2022-03-21,2051-10-15,502429.82,0.0,4.628,360,VT,Purchase,B,11 years,> $200k,PAID_OFF,0,Evergreen Capital Servicing,2026-08-18,2026-08-17 17:44:07,VERIFIED,Fiserv_Core
LN-10936,BOR-20936,Conventional_15Y,2021-05-24,2036-03-06,156098.95,119732.08,8.156,180,TN,Purchase,B-,12 years,$75k - $120k,DELINQUENT_90,90,Apex Mortgage Servicing,2026-07-21,2026-07-31 17:44:07,VERIFIED,Spreadsheet_Manual_Upload
LN-10937,BOR-20937,Conventional_30Y,2022-03-03,2051-09-27,499273.1,405111.91,3.641,360,PA,Refinance_CashOut,C,6 years,< $40k,CURRENT,0,Beacon Servicing Group,2026-08-06,2026-08-22 17:44:07,VERIFIED,Spreadsheet_Manual_Upload
LN-10938,BOR-20938,Conventional_30Y,2022-10-21,2037-08-03,640025.23,557505.53,2.994,180,MA,Refinance_CashOut,A-,5 years,> $200k,CURRENT,0,Delta Servicing Co.,2026-08-20,2026-07-24 17:44:07,VERIFIED,BlackKnight_MSP
LN-10939,BOR-20939,Personal_Installment,2022-11-17,2037-08-30,550319.52,0.0,3.141,180,WA,Debt_Consolidation,A+,7 years,$40k - $75k,PAID_OFF,0,Apex Mortgage Servicing,2026-07-15,2026-08-02 17:44:07,VERIFIED,Spreadsheet_Manual_Upload
LN-10940,BOR-20940,FHA_30Y,2021-08-06,2041-04-23,156579.1,148347.35,6.359,240,HI,Refinance_RateTerm,B,18 years,$75k - $120k,CURRENT,0,Beacon Servicing Group,2026-07-04,2026-07-18 17:44:07,VERIFIED,BlackKnight_MSP
LN-10941,BOR-20941,ARM_5_1,2021-12-01,2036-09-13,678549.69,551374.99,6.49,180,CT,Purchase,C,17 years,$120k - $200k,CURRENT,0,Delta Servicing Co.,2026-07-01,2026-08-19 17:44:07,VERIFIED,Empower_Origination
LN-10942,BOR-20942,VA_30Y,2023-01-24,2052-08-19,573091.13,377365.96,6.627,360,ID,Refinance_RateTerm,B-,15 years,< $40k,CURRENT,0,Citadel Loan Partners,2026-08-08,2026-07-24 17:44:07,VERIFIED,LOS_Encompass
LN-10943,BOR-20943,Jumbo_30Y,2021-08-10,2036-05-23,630711.03,409252.43,3.937,180,ND,Home_Improvement,B-,15 years,$120k - $200k,CURRENT,0,Delta Servicing Co.,2026-07-22,2026-07-21 17:44:07,VERIFIED,Spreadsheet_Manual_Upload
LN-10944,BOR-20944,Jumbo_30Y,2023-05-28,2052-12-21,706477.62,651947.48,3.367,360,CA,Purchase,E,2 years,< $40k,CURRENT,0,Citadel Loan Partners,2026-07-24,2026-08-01 17:44:07,VERIFIED,Spreadsheet_Manual_Upload
LN-10945,BOR-20945,FHA_30Y,2021-02-24,2035-12-08,307634.84,222721.4,8.333,180,AK,Refinance_RateTerm,A,9 years,$120k - $200k,CURRENT,0,Apex Mortgage Servicing,2026-08-14,2026-08-06 17:44:07,VERIFIED,Empower_Origination
LN-10946,BOR-20946,Jumbo_30Y,2023-08-11,2043-04-28,702571.95,425653.87,8.009,240,GA,Purchase,C,6 years,< $40k,DELINQUENT_60,60,Delta Servicing Co.,2026-06-27,2026-07-19 17:44:07,VERIFIED,Spreadsheet_Manual_Upload
LN-10947,BOR-20947,Jumbo_30Y,2021-01-24,2040-10-11,542013.71,423906.89,6.956,240,MI,Refinance_CashOut,A,13 years,$120k - $200k,DELINQUENT_120,120,Delta Servicing Co.,2026-06-29,2026-07-27 17:44:07,VERIFIED,Fiserv_Core
LN-10948,BOR-20948,FHA_30Y,2022-08-14,2037-05-27,678185.68,488420.16,8.267,180,MO,Refinance_RateTerm,C,7 years,$75k - $120k,DELINQUENT_90,90,Beacon Servicing Group,2026-08-06,2026-07-12 17:44:07,VERIFIED,Fiserv_Core
LN-10949,BOR-20949,Conventional_30Y,2021-02-15,2050-09-11,661464.62,434987.49,5.253,360,DE,Home_Improvement,B+,2 years,$75k - $120k,CURRENT,0,Delta Servicing Co.,2026-06-30,2026-07-26 17:44:07,VERIFIED,Spreadsheet_Manual_Upload
LN-10950,BOR-20000,FHA_30Y,2022-11-06,2042-07-24,681274.63,474051.66,5.859,240,CO,Refinance_RateTerm,C+,6 years,> $200k,CURRENT,0,Citadel Loan Partners,2026-07-03,2026-08-07 17:44:07,VERIFIED,Empower_Origination
LN-10951,BOR-20001,Personal_Installment,2022-07-10,2052-02-03,335478.04,205820.73,3.247,360,IN,Refinance_CashOut,B-,12 years,$120k - $200k,CURRENT,0,Beacon Servicing Group,2026-08-19,2026-08-04 17:44:07,VERIFIED,Spreadsheet_Manual_Upload
LN-10952,BOR-20002,FHA_30Y,2021-12-16,2051-07-12,428147.73,282061.76,3.667,360,NE,Refinance_CashOut,B+,13 years,< $40k,CURRENT,0,Evergreen Capital Servicing,2026-07-18,2026-08-23 17:44:07,VERIFIED,Spreadsheet_Manual_Upload
LN-10953,BOR-20003,Conventional_15Y,2021-01-05,2050-08-01,228302.01,172902.93,8.168,360,AK,Refinance_CashOut,B-,16 years,< $40k,CURRENT,0,Citadel Loan Partners,2026-07-17,2026-07-31 17:44:07,VERIFIED,Spreadsheet_Manual_Upload
LN-10954,BOR-20004,Commercial_Mortgage,2022-08-14,2037-05-27,295794.05,238765.12,7.072,180,OH,Refinance_CashOut,C,5 years,$40k - $75k,CURRENT,0,Evergreen Capital Servicing,2026-07-01,2026-08-19 17:44:07,VERIFIED,Fiserv_Core
LN-10955,BOR-20005,FHA_30Y,2022-12-13,2037-09-25,715077.42,618798.2,5.085,180,AZ,Debt_Consolidation,A,7 years,< $40k,DELINQUENT_90,90,Apex Mortgage Servicing,2026-08-08,2026-08-14 17:44:07,VERIFIED,LOS_Encompass
LN-10956,BOR-20006,Conventional_15Y,2022-04-09,2041-12-25,715708.86,574233.88,4.806,240,KY,Purchase,E,10 years,$75k - $120k,CURRENT,0,Delta Servicing Co.,2026-07-13,2026-07-19 17:44:07,VERIFIED,Fiserv_Core
LN-10957,BOR-20007,Conventional_30Y,2022-05-19,2051-12-13,733909.42,568781.12,4.771,360,IN,Home_Improvement,C+,18 years,< $40k,CURRENT,0,Citadel Loan Partners,2026-07-09,2026-07-25 17:44:07,VERIFIED,LOS_Encompass
LN-10958,BOR-20008,Commercial_Mortgage,2023-09-13,2038-06-26,391213.88,247616.32,5.481,180,KS,Purchase,A,8 years,< $40k,CURRENT,0,Beacon Servicing Group,2026-07-14,2026-07-26 17:44:07,VERIFIED,LOS_Encompass
LN-10959,BOR-20009,ARM_5_1,2022-07-20,2042-04-06,594014.64,386629.42,3.995,240,OR,Purchase,A+,5 years,> $200k,CURRENT,0,Evergreen Capital Servicing,2026-07-24,2026-08-21 17:44:07,VERIFIED,Spreadsheet_Manual_Upload
LN-10960,BOR-20010,FHA_30Y,2021-10-09,2041-06-26,537991.73,437999.33,8.069,240,ME,Purchase,B,4 years,> $200k,CURRENT,0,Citadel Loan Partners,2026-06-28,2026-08-15 17:44:07,VERIFIED,LOS_Encompass
LN-10961,BOR-20011,Jumbo_30Y,2021-12-06,2051-07-02,348712.12,247452.2,8.319,360,IL,Refinance_CashOut,C,16 years,$40k - $75k,DELINQUENT_60,60,Delta Servicing Co.,2026-08-19,2026-08-06 17:44:07,VERIFIED,Empower_Origination
LN-10962,BOR-20012,VA_30Y,2023-06-06,2043-02-21,528123.19,345425.07,4.065,240,CT,Purchase,A,6 years,$40k - $75k,CURRENT,0,Evergreen Capital Servicing,2026-07-16,2026-08-24 17:44:07,VERIFIED,Fiserv_Core
LN-10963,BOR-20013,Personal_Installment,2023-03-25,2042-12-10,539244.84,508406.42,5.77,240,DE,Refinance_RateTerm,D,4 years,$120k - $200k,CURRENT,0,Evergreen Capital Servicing,2026-07-08,2026-07-29 17:44:07,VERIFIED,LOS_Encompass
LN-10964,BOR-20014,Conventional_15Y,2021-09-27,2036-07-10,664446.72,476643.64,5.479,180,AR,Refinance_CashOut,A-,4 years,< $40k,CURRENT,0,Beacon Servicing Group,2026-07-24,2026-07-14 17:44:07,VERIFIED,Spreadsheet_Manual_Upload
LN-10965,BOR-20015,ARM_5_1,2021-09-27,2051-04-23,384515.82,234630.45,6.524,360,ID,Home_Improvement,A,18 years,< $40k,CURRENT,0,Beacon Servicing Group,2026-07-05,2026-07-12 17:44:07,VERIFIED,Fiserv_Core
LN-10966,BOR-20016,Conventional_30Y,2021-03-03,2040-11-18,407137.22,385046.81,5.766,240,MO,Debt_Consolidation,D,1 years,$75k - $120k,CURRENT,0,Beacon Servicing Group,2026-06-27,2026-07-26 17:44:07,VERIFIED,Empower_Origination
LN-10967,BOR-20017,VA_30Y,2022-05-02,2051-11-26,384792.81,336715.69,3.741,360,NM,Debt_Consolidation,A,5 years,$40k - $75k,CURRENT,0,Apex Mortgage Servicing,2026-07-22,2026-07-24 17:44:07,VERIFIED,LOS_Encompass
LN-10968,BOR-20018,FHA_30Y,2022-10-04,2037-07-17,577389.62,378813.88,4.83,180,MA,Refinance_RateTerm,C+,2 years,$120k - $200k,DELINQUENT_90,90,Delta Servicing Co.,2026-08-20,2026-08-13 17:44:07,VERIFIED,BlackKnight_MSP
LN-10969,BOR-20019,Commercial_Mortgage,2022-09-13,2042-05-31,635460.71,553707.18,7.968,240,IA,Debt_Consolidation,D,14 years,$40k - $75k,CURRENT,0,Delta Servicing Co.,2026-07-03,2026-08-21 17:44:07,VERIFIED,Fiserv_Core
LN-10970,BOR-20020,Conventional_30Y,2021-03-09,2040-11-24,443180.67,311748.34,7.218,240,WY,Purchase,B-,9 years,$120k - $200k,CURRENT,0,Citadel Loan Partners,2026-08-02,2026-07-22 17:44:07,VERIFIED,Spreadsheet_Manual_Upload
LN-10971,BOR-20021,ARM_5_1,2023-05-26,2043-02-10,713947.16,550450.41,4.97,240,DE,Debt_Consolidation,D,5 years,$120k - $200k,CURRENT,0,Citadel Loan Partners,2026-07-18,2026-07-23 17:44:07,VERIFIED,Spreadsheet_Manual_Upload
LN-10972,BOR-20022,Conventional_15Y,2022-10-07,2042-06-24,237748.14,203289.42,4.411,240,AR,Refinance_CashOut,B-,11 years,$40k - $75k,CURRENT,0,Citadel Loan Partners,2026-08-09,2026-08-04 17:44:07,VERIFIED,Spreadsheet_Manual_Upload
LN-10973,BOR-20023,Commercial_Mortgage,2021-09-28,2041-06-15,468432.36,335215.06,3.833,240,HI,Refinance_CashOut,B,7 years,$75k - $120k,CURRENT,0,Beacon Servicing Group,2026-07-01,2026-07-27 17:44:07,VERIFIED,Spreadsheet_Manual_Upload
LN-10974,BOR-20024,Auto_Loan,2021-05-01,2036-02-12,557214.89,358483.65,6.422,180,AZ,Debt_Consolidation,B-,6 years,$120k - $200k,CURRENT,0,Citadel Loan Partners,2026-07-16,2026-07-27 17:44:07,VERIFIED,Spreadsheet_Manual_Upload
LN-10975,BOR-20025,ARM_5_1,2021-09-18,2036-07-01,474188.63,408566.85,8.307,180,NM,Home_Improvement,A+,3 years,$40k - $75k,CURRENT,0,Delta Servicing Co.,2026-07-23,2026-07-21 17:44:07,VERIFIED,Spreadsheet_Manual_Upload
LN-10976,BOR-20026,Jumbo_30Y,2022-08-05,2052-02-29,344345.24,295105.45,8.394,360,NH,Home_Improvement,E,4 years,$120k - $200k,CURRENT,0,Beacon Servicing Group,2026-08-10,2026-08-18 17:44:07,VERIFIED,BlackKnight_MSP
LN-10977,BOR-20027,Conventional_30Y,2023-05-18,2038-02-28,99195.99,90505.27,5.828,180,NC,Purchase,C+,7 years,< $40k,CURRENT,0,Apex Mortgage Servicing,2026-08-14,2026-08-04 17:44:07,VERIFIED,Spreadsheet_Manual_Upload
LN-10978,BOR-20028,Jumbo_30Y,2022-03-17,2041-12-02,218476.19,190696.25,6.221,240,VT,Refinance_RateTerm,D,12 years,$40k - $75k,CURRENT,0,Citadel Loan Partners,2026-07-04,2026-08-11 17:44:07,VERIFIED,Empower_Origination
LN-10979,BOR-20029,Commercial_Mortgage,2022-07-09,2037-04-21,481407.64,296515.5,3.274,180,AK,Debt_Consolidation,B,16 years,< $40k,DELINQUENT_120,120,Beacon Servicing Group,2026-08-06,2026-07-27 17:44:07,VERIFIED,Spreadsheet_Manual_Upload
LN-10980,BOR-20030,FHA_30Y,2023-07-29,2038-05-11,204239.13,186350.76,4.123,180,WI,Home_Improvement,E,13 years,$120k - $200k,CURRENT,0,Apex Mortgage Servicing,2026-07-26,2026-07-28 17:44:07,VERIFIED,Fiserv_Core
LN-10981,BOR-20031,FHA_30Y,2023-06-29,2053-01-22,319132.86,234476.96,4.936,360,KS,Refinance_RateTerm,B+,16 years,$120k - $200k,CURRENT,0,Citadel Loan Partners,2026-08-20,2026-07-25 17:44:07,VERIFIED,Spreadsheet_Manual_Upload
LN-10982,BOR-20032,Commercial_Mortgage,2022-09-14,2042-06-01,193828.71,174333.32,3.195,240,DE,Home_Improvement,A-,13 years,$40k - $75k,CURRENT,0,Citadel Loan Partners,2026-08-06,2026-08-07 17:44:07,VERIFIED,Empower_Origination
LN-10983,BOR-20033,Commercial_Mortgage,2023-06-18,2053-01-11,378799.12,356640.66,8.128,360,TN,Purchase,C,1 years,$120k - $200k,CURRENT,0,Apex Mortgage Servicing,2026-07-21,2026-07-29 17:44:07,VERIFIED,Fiserv_Core
LN-10984,BOR-20034,Commercial_Mortgage,2022-03-24,2037-01-04,228448.01,198750.94,4.858,180,IN,Home_Improvement,A-,6 years,$40k - $75k,CURRENT,0,Evergreen Capital Servicing,2026-07-19,2026-08-13 17:44:07,VERIFIED,LOS_Encompass
LN-10985,BOR-20035,Commercial_Mortgage,2021-02-19,2040-11-06,582497.17,535029.26,8.016,240,PA,Debt_Consolidation,D,2 years,$75k - $120k,DELINQUENT_90,90,Delta Servicing Co.,2026-08-12,2026-08-07 17:44:07,VERIFIED,Empower_Origination
LN-10986,BOR-20036,Commercial_Mortgage,2023-06-11,2043-02-26,691174.01,601196.26,4.542,240,MS,Purchase,B+,3 years,> $200k,DELINQUENT_60,60,Citadel Loan Partners,2026-07-17,2026-07-26 17:44:07,VERIFIED,Fiserv_Core
LN-10987,BOR-20037,FHA_30Y,2021-01-18,2035-11-01,615410.11,542554.94,6.847,180,IL,Purchase,B,6 years,> $200k,CURRENT,0,Citadel Loan Partners,2026-07-06,2026-08-14 17:44:07,VERIFIED,Empower_Origination
LN-10988,BOR-20038,Auto_Loan,2021-09-09,2036-06-22,600835.85,502348.49,3.738,180,MO,Debt_Consolidation,A+,17 years,> $200k,CURRENT,0,Beacon Servicing Group,2026-08-18,2026-07-26 17:44:07,VERIFIED,Empower_Origination
LN-10989,BOR-20039,FHA_30Y,2023-06-02,2038-03-15,476278.37,391254.68,7.253,180,UT,Refinance_CashOut,C,6 years,< $40k,CURRENT,0,Evergreen Capital Servicing,2026-07-04,2026-08-23 17:44:07,VERIFIED,LOS_Encompass
LN-10990,BOR-20040,Commercial_Mortgage,2021-01-01,2035-10-15,251041.75,192018.68,5.567,180,VT,Home_Improvement,D,18 years,$120k - $200k,CURRENT,0,Evergreen Capital Servicing,2026-07-30,2026-07-18 17:44:07,VERIFIED,Spreadsheet_Manual_Upload
LN-10991,BOR-20041,Commercial_Mortgage,2022-06-21,2042-03-08,705809.08,629289.89,7.683,240,NC,Purchase,B+,3 years,> $200k,CURRENT,0,Apex Mortgage Servicing,2026-07-14,2026-07-30 17:44:07,VERIFIED,Fiserv_Core
LN-10992,BOR-20042,Commercial_Mortgage,2022-01-18,2041-10-05,66713.09,52001.02,7.064,240,AZ,Home_Improvement,A-,15 years,> $200k,CURRENT,0,Citadel Loan Partners,2026-07-27,2026-08-10 17:44:07,VERIFIED,Empower_Origination
LN-10993,BOR-20043,Conventional_30Y,2023-07-15,2038-04-27,357318.23,278575.46,5.432,180,UT,Refinance_RateTerm,B+,15 years,$40k - $75k,CURRENT,0,Beacon Servicing Group,2026-07-12,2026-08-19 17:44:07,VERIFIED,BlackKnight_MSP
LN-10994,BOR-20044,ARM_5_1,2021-12-25,2036-10-07,375562.59,305972.76,6.507,180,OK,Purchase,E,10 years,$75k - $120k,CURRENT,0,Apex Mortgage Servicing,2026-06-27,2026-07-26 17:44:07,VERIFIED,LOS_Encompass
LN-10995,BOR-20045,ARM_5_1,2021-07-18,2041-04-04,267239.24,206482.09,2.814,240,OH,Refinance_CashOut,D,9 years,< $40k,DELINQUENT_60,60,Evergreen Capital Servicing,2026-07-29,2026-08-24 17:44:07,VERIFIED,Fiserv_Core
LN-10996,BOR-20046,Commercial_Mortgage,2023-03-29,2042-12-14,479048.23,396927.86,4.628,240,AL,Purchase,D,4 years,$120k - $200k,CURRENT,0,Evergreen Capital Servicing,2026-08-19,2026-07-14 17:44:07,VERIFIED,Spreadsheet_Manual_Upload
LN-10997,BOR-20047,Auto_Loan,2023-09-19,2038-07-02,157331.0,104050.93,4.648,180,SD,Home_Improvement,B,5 years,$40k - $75k,CURRENT,0,Evergreen Capital Servicing,2026-07-28,2026-08-08 17:44:07,VERIFIED,Fiserv_Core
LN-10998,BOR-20048,VA_30Y,2021-02-15,2035-11-29,262037.2,161481.5,3.868,180,NE,Refinance_CashOut,C+,5 years,$120k - $200k,CURRENT,0,Beacon Servicing Group,2026-08-21,2026-08-21 17:44:07,VERIFIED,Empower_Origination
LN-10999,BOR-20049,Conventional_30Y,2023-01-15,2042-10-02,387865.2,359500.16,5.443,240,NJ,Home_Improvement,A,3 years,$120k - $200k,CURRENT,0,Citadel Loan Partners,2026-06-28,2026-07-26 17:44:07,VERIFIED,BlackKnight_MSP
LN-11000,BOR-20050,Auto_Loan,2023-06-30,2053-01-23,680928.15,470018.17,6.381,360,CO,Debt_Consolidation,A-,17 years,$75k - $120k,CURRENT,0,Beacon Servicing Group,2026-08-07,2026-08-24 17:44:07,VERIFIED,Fiserv_Core
LN-11001,BOR-20051,Personal_Installment,2021-12-03,2041-08-20,707958.03,598083.56,8.343,240,KY,Purchase,E,10 years,$75k - $120k,DELINQUENT_60,60,Evergreen Capital Servicing,2026-08-07,2026-08-11 17:44:07,VERIFIED,Empower_Origination
LN-11002,BOR-20052,Personal_Installment,2023-08-07,2038-05-20,119018.06,90480.71,4.837,180,AK,Home_Improvement,C+,11 years,$75k - $120k,DELINQUENT_60,60,Evergreen Capital Servicing,2026-07-22,2026-07-14 17:44:07,VERIFIED,LOS_Encompass
LN-11003,BOR-20053,ARM_5_1,2022-03-23,2037-01-03,334147.29,266897.24,5.132,180,TX,Refinance_RateTerm,B-,4 years,$75k - $120k,CURRENT,0,Delta Servicing Co.,2026-07-27,2026-07-19 17:44:07,VERIFIED,Empower_Origination
LN-11004,BOR-20054,Commercial_Mortgage,2023-05-20,2043-02-04,214577.93,185581.47,7.376,240,MN,Refinance_CashOut,E,11 years,> $200k,CURRENT,0,Apex Mortgage Servicing,2026-08-16,2026-08-25 17:44:07,VERIFIED,Empower_Origination
LN-11005,BOR-20055,Auto_Loan,2022-05-20,2042-02-04,677606.92,422128.11,7.313,240,DE,Refinance_CashOut,A+,1 years,$120k - $200k,CURRENT,0,Citadel Loan Partners,2026-07-09,2026-07-13 17:44:07,VERIFIED,BlackKnight_MSP
LN-11006,BOR-20056,Conventional_15Y,2021-06-19,2036-04-01,675015.81,563267.21,2.974,180,ID,Purchase,A+,1 years,$40k - $75k,CURRENT,0,Delta Servicing Co.,2026-08-15,2026-08-08 17:44:07,VERIFIED,Spreadsheet_Manual_Upload
LN-11007,BOR-20057,Jumbo_30Y,2023-05-07,2052-11-30,418261.25,275579.47,4.386,360,IL,Home_Improvement,E,9 years,$40k - $75k,CURRENT,0,Apex Mortgage Servicing,2026-07-21,2026-07-18 17:44:07,VERIFIED,Empower_Origination
LN-11008,BOR-20058,Jumbo_30Y,2022-02-07,2036-11-20,646509.5,463707.0,6.746,180,CT,Refinance_RateTerm,D,10 years,$75k - $120k,CURRENT,0,Delta Servicing Co.,2026-07-01,2026-08-10 17:44:07,VERIFIED,BlackKnight_MSP
LN-11009,BOR-20059,ARM_5_1,2021-09-04,2036-06-17,372900.73,262472.85,2.962,180,FL,Debt_Consolidation,A,5 years,< $40k,CURRENT,0,Apex Mortgage Servicing,2026-08-03,2026-08-04 17:44:07,VERIFIED,BlackKnight_MSP
LN-11010,BOR-20060,VA_30Y,2022-05-09,2051-12-03,354734.38,321773.71,6.455,360,RI,Debt_Consolidation,E,10 years,$40k - $75k,CURRENT,0,Citadel Loan Partners,2026-08-11,2026-07-31 17:44:07,VERIFIED,Empower_Origination
LN-11011,BOR-20061,ARM_5_1,2021-02-20,2035-12-04,71965.66,46880.33,4.2,180,VA,Home_Improvement,C,13 years,$75k - $120k,CURRENT,0,Delta Servicing Co.,2026-07-10,2026-08-05 17:44:07,VERIFIED,Spreadsheet_Manual_Upload
LN-11012,BOR-20062,FHA_30Y,2023-06-10,2038-03-23,598244.68,368517.92,5.141,180,NV,Refinance_RateTerm,A-,2 years,$40k - $75k,CURRENT,0,Citadel Loan Partners,2026-08-09,2026-08-14 17:44:07,VERIFIED,Fiserv_Core
LN-11013,BOR-20063,Conventional_30Y,2022-10-09,2037-07-22,302509.27,251071.49,6.286,180,MN,Purchase,A,16 years,> $200k,CURRENT,0,Evergreen Capital Servicing,2026-08-04,2026-07-23 17:44:07,VERIFIED,Fiserv_Core
LN-11014,BOR-20064,Auto_Loan,2022-09-20,2052-04-15,698604.76,615588.61,7.176,360,ND,Purchase,C,18 years,$75k - $120k,CURRENT,0,Apex Mortgage Servicing,2026-08-03,2026-08-04 17:44:07,VERIFIED,LOS_Encompass
LN-11015,BOR-20065,Commercial_Mortgage,2022-10-05,2052-04-30,725560.03,673334.61,7.52,360,OR,Home_Improvement,E,8 years,$75k - $120k,CURRENT,0,Citadel Loan Partners,2026-08-02,2026-07-15 17:44:07,VERIFIED,LOS_Encompass
LN-11016,BOR-20066,VA_30Y,2023-07-16,2053-02-08,455694.61,369939.99,2.775,360,MA,Purchase,B+,15 years,$40k - $75k,CURRENT,0,Apex Mortgage Servicing,2026-07-01,2026-08-08 17:44:07,VERIFIED,Spreadsheet_Manual_Upload
LN-11017,BOR-20067,Auto_Loan,2021-01-17,2040-10-04,401226.29,247392.5,7.319,240,NH,Refinance_RateTerm,E,2 years,$120k - $200k,CURRENT,0,Evergreen Capital Servicing,2026-08-03,2026-08-18 17:44:07,VERIFIED,Empower_Origination
LN-11018,BOR-20068,Commercial_Mortgage,2023-01-14,2052-08-09,280011.17,0.0,3.901,360,MT,Home_Improvement,A,11 years,$40k - $75k,PAID_OFF,0,Beacon Servicing Group,2026-07-05,2026-08-09 17:44:07,VERIFIED,Empower_Origination
LN-11019,BOR-20069,Jumbo_30Y,2021-09-21,2051-04-17,340902.95,215762.9,3.924,360,NJ,Refinance_RateTerm,A,10 years,$75k - $120k,CURRENT,0,Apex Mortgage Servicing,2026-08-17,2026-08-16 17:44:07,VERIFIED,LOS_Encompass
LN-11020,BOR-20070,Conventional_30Y,2021-03-09,2035-12-21,595065.41,399854.63,8.18,180,VA,Purchase,C,11 years,< $40k,CURRENT,0,Evergreen Capital Servicing,2026-07-23,2026-07-24 17:44:07,VERIFIED,LOS_Encompass
LN-11021,BOR-20071,Personal_Installment,2022-09-22,2052-04-17,244810.4,225435.17,7.287,360,SC,Refinance_CashOut,C+,7 years,> $200k,CURRENT,0,Evergreen Capital Servicing,2026-07-01,2026-08-20 17:44:07,VERIFIED,LOS_Encompass
LN-11022,BOR-20072,FHA_30Y,2021-12-17,2036-09-29,162237.88,107835.25,5.825,180,IA,Refinance_RateTerm,A+,11 years,$120k - $200k,CURRENT,0,Evergreen Capital Servicing,2026-07-03,2026-07-31 17:44:07,VERIFIED,Empower_Origination
LN-11023,BOR-20073,FHA_30Y,2022-09-28,2037-07-11,496242.46,337091.46,7.049,180,IL,Refinance_CashOut,C,18 years,$120k - $200k,CURRENT,0,Beacon Servicing Group,2026-08-19,2026-08-23 17:44:07,VERIFIED,Fiserv_Core
LN-11024,BOR-20074,VA_30Y,2022-08-08,2037-05-21,298795.02,180567.26,8.12,180,ME,Refinance_RateTerm,C+,1 years,$75k - $120k,CURRENT,0,Apex Mortgage Servicing,2026-07-14,2026-07-23 17:44:07,VERIFIED,Spreadsheet_Manual_Upload
LN-11025,BOR-20075,Conventional_15Y,2021-05-20,2050-12-14,381400.87,288432.59,5.922,360,VT,Refinance_RateTerm,A,2 years,$75k - $120k,CURRENT,0,Delta Servicing Co.,2026-08-03,2026-08-23 17:44:07,VERIFIED,LOS_Encompass
LN-11026,BOR-20076,Conventional_30Y,2022-11-12,2042-07-30,724854.6,653875.52,4.235,240,LA,Refinance_CashOut,B,11 years,$120k - $200k,CURRENT,0,Citadel Loan Partners,2026-08-17,2026-07-25 17:44:07,VERIFIED,BlackKnight_MSP
LN-11027,BOR-20077,Jumbo_30Y,2021-01-24,2040-10-11,68303.45,58071.3,3.812,240,PA,Refinance_CashOut,D,4 years,$75k - $120k,DELINQUENT_90,90,Citadel Loan Partners,2026-08-01,2026-08-18 17:44:07,VERIFIED,Empower_Origination
LN-11028,BOR-20078,VA_30Y,2023-03-31,2052-10-24,105187.2,98120.98,4.541,360,VT,Debt_Consolidation,D,3 years,> $200k,CURRENT,0,Evergreen Capital Servicing,2026-08-02,2026-07-21 17:44:07,VERIFIED,BlackKnight_MSP
LN-11029,BOR-20079,Conventional_15Y,2023-02-10,2042-10-28,701551.15,589890.68,7.798,240,PA,Refinance_RateTerm,B,2 years,$40k - $75k,DELINQUENT_30,30,Apex Mortgage Servicing,2026-07-22,2026-08-23 17:44:07,VERIFIED,Fiserv_Core
LN-11030,BOR-20080,ARM_5_1,2022-07-09,2042-03-26,124823.65,111644.47,8.153,240,TN,Purchase,B-,6 years,$40k - $75k,CURRENT,0,Apex Mortgage Servicing,2026-07-12,2026-08-24 17:44:07,VERIFIED,Fiserv_Core
LN-11031,BOR-20081,VA_30Y,2022-12-27,2052-07-22,138662.99,95919.9,7.478,360,MT,Debt_Consolidation,B+,14 years,< $40k,CURRENT,0,Evergreen Capital Servicing,2026-07-02,2026-08-13 17:44:07,VERIFIED,Fiserv_Core
LN-11032,BOR-20082,Auto_Loan,2021-03-02,2035-12-14,350806.18,257968.73,4.984,180,MS,Refinance_RateTerm,B-,5 years,$120k - $200k,CURRENT,0,Evergreen Capital Servicing,2026-08-03,2026-08-08 17:44:07,VERIFIED,Empower_Origination
LN-11033,BOR-20083,Conventional_15Y,2022-03-07,2051-10-01,228499.5,168669.29,2.758,360,GA,Home_Improvement,E,7 years,$75k - $120k,CURRENT,0,Evergreen Capital Servicing,2026-08-14,2026-07-14 17:44:07,VERIFIED,Empower_Origination
LN-11034,BOR-20084,FHA_30Y,2021-02-11,2050-09-07,211598.96,182504.4,3.018,360,IL,Home_Improvement,A-,7 years,$75k - $120k,CURRENT,0,Beacon Servicing Group,2026-07-07,2026-08-18 17:44:07,VERIFIED,LOS_Encompass
LN-11035,BOR-20085,Commercial_Mortgage,2021-12-16,2036-09-28,194433.41,174886.18,6.915,180,GA,Refinance_RateTerm,B-,14 years,$120k - $200k,CURRENT,0,Delta Servicing Co.,2026-07-10,2026-08-13 17:44:07,VERIFIED,Empower_Origination
LN-11036,BOR-20086,VA_30Y,2021-12-28,2041-09-14,181600.49,130198.48,8.194,240,TN,Home_Improvement,C,9 years,$120k - $200k,DELINQUENT_30,30,Delta Servicing Co.,2026-07-23,2026-08-15 17:44:07,VERIFIED,LOS_Encompass
LN-11037,BOR-20087,Conventional_30Y,2022-04-15,2051-11-09,416997.4,0.0,3.385,360,MD,Refinance_CashOut,B,9 years,$40k - $75k,PAID_OFF,0,Evergreen Capital Servicing,2026-08-17,2026-07-19 17:44:07,VERIFIED,Fiserv_Core
LN-11038,BOR-20088,ARM_5_1,2022-10-22,2042-07-09,207021.02,182111.55,7.717,240,IA,Home_Improvement,B,6 years,$120k - $200k,CURRENT,0,Apex Mortgage Servicing,2026-07-03,2026-08-10 17:44:07,VERIFIED,Fiserv_Core
LN-11039,BOR-20089,Commercial_Mortgage,2023-08-30,2038-06-12,436222.59,316409.27,3.582,180,MO,Refinance_RateTerm,D,9 years,< $40k,CURRENT,0,Citadel Loan Partners,2026-07-05,2026-07-31 17:44:07,VERIFIED,LOS_Encompass
LN-11040,BOR-20090,Conventional_15Y,2023-09-08,2053-04-03,669366.04,579383.82,4.376,360,TN,Debt_Consolidation,E,17 years,$40k - $75k,CURRENT,0,Apex Mortgage Servicing,2026-08-12,2026-08-24 17:44:07,VERIFIED,BlackKnight_MSP
LN-11041,BOR-20091,Auto_Loan,2022-08-05,2042-04-22,288907.38,225822.51,3.827,240,ND,Refinance_RateTerm,C+,9 years,$75k - $120k,CURRENT,0,Evergreen Capital Servicing,2026-07-16,2026-07-20 17:44:07,VERIFIED,BlackKnight_MSP
LN-11042,BOR-20092,Conventional_15Y,2022-04-29,2042-01-14,487233.46,311054.73,4.617,240,MN,Refinance_RateTerm,C,8 years,> $200k,CURRENT,0,Evergreen Capital Servicing,2026-08-20,2026-07-12 17:44:07,VERIFIED,LOS_Encompass
LN-11043,BOR-20093,Conventional_15Y,2023-07-07,2053-01-30,145897.01,117628.39,3.002,360,UT,Home_Improvement,D,3 years,< $40k,CURRENT,0,Delta Servicing Co.,2026-07-07,2026-08-17 17:44:07,VERIFIED,Empower_Origination
LN-11044,BOR-20094,VA_30Y,2022-01-15,2036-10-28,117799.33,101335.72,8.03,180,OR,Purchase,B,15 years,$40k - $75k,DELINQUENT_60,60,Evergreen Capital Servicing,2026-08-14,2026-08-20 17:44:07,VERIFIED,BlackKnight_MSP
LN-11045,BOR-20095,Auto_Loan,2022-10-07,2052-05-02,706790.2,611780.99,5.487,360,MO,Debt_Consolidation,A-,1 years,$120k - $200k,CURRENT,0,Delta Servicing Co.,2026-07-31,2026-08-19 17:44:07,VERIFIED,LOS_Encompass
LN-11046,BOR-20096,Auto_Loan,2021-08-23,2051-03-19,697367.74,594726.03,5.206,360,SC,Refinance_RateTerm,C,18 years,$40k - $75k,DELINQUENT_30,30,Evergreen Capital Servicing,2026-08-20,2026-07-14 17:44:07,VERIFIED,BlackKnight_MSP
LN-11047,BOR-20097,VA_30Y,2023-04-23,2038-02-03,159867.91,110610.01,6.962,180,WA,Refinance_CashOut,B+,5 years,$75k - $120k,CURRENT,0,Beacon Servicing Group,2026-07-13,2026-08-17 17:44:07,VERIFIED,LOS_Encompass
LN-11048,BOR-20098,Conventional_15Y,2023-07-24,2053-02-16,556843.33,457544.33,7.1,360,VT,Refinance_RateTerm,C+,5 years,< $40k,CURRENT,0,Delta Servicing Co.,2026-08-21,2026-08-15 17:44:07,VERIFIED,BlackKnight_MSP
LN-11049,BOR-20099,Conventional_30Y,2021-06-29,2051-01-23,529107.75,337298.18,3.374,360,VT,Refinance_CashOut,B+,3 years,$40k - $75k,CURRENT,0,Beacon Servicing Group,2026-08-04,2026-07-23 17:44:07,VERIFIED,Spreadsheet_Manual_Upload
LN-11050,BOR-20100,Auto_Loan,2023-07-10,2053-02-02,723323.77,538899.96,4.648,360,CT,Refinance_CashOut,E,18 years,> $200k,CURRENT,0,Beacon Servicing Group,2026-07-13,2026-07-28 17:44:07,VERIFIED,BlackKnight_MSP
LN-11051,BOR-20101,ARM_5_1,2022-09-13,2042-05-31,199902.97,138593.72,7.188,240,TX,Refinance_CashOut,C+,10 years,$120k - $200k,CURRENT,0,Apex Mortgage Servicing,2026-06-27,2026-07-19 17:44:07,VERIFIED,LOS_Encompass
LN-11052,BOR-20102,FHA_30Y,2021-08-24,2036-06-06,565902.5,431930.73,7.679,180,NM,Home_Improvement,C+,5 years,< $40k,CURRENT,0,Beacon Servicing Group,2026-07-01,2026-08-17 17:44:07,VERIFIED,Empower_Origination
LN-11053,BOR-20103,Conventional_30Y,2023-05-29,2052-12-22,474830.98,304106.76,4.139,360,NM,Purchase,B-,17 years,> $200k,DELINQUENT_90,90,Citadel Loan Partners,2026-07-17,2026-08-17 17:44:07,VERIFIED,Empower_Origination
LN-11054,BOR-20104,Conventional_30Y,2022-05-18,2042-02-02,645171.51,566554.05,7.367,240,MA,Purchase,D,5 years,> $200k,CURRENT,0,Evergreen Capital Servicing,2026-08-16,2026-08-05 17:44:07,VERIFIED,Fiserv_Core
LN-11055,BOR-20105,FHA_30Y,2021-10-10,2051-05-06,744926.32,619638.26,2.94,360,CA,Purchase,A+,1 years,< $40k,CURRENT,0,Evergreen Capital Servicing,2026-08-16,2026-08-20 17:44:07,VERIFIED,Empower_Origination
LN-11056,BOR-20106,Personal_Installment,2022-03-26,2037-01-06,598554.78,455703.12,4.886,180,NH,Debt_Consolidation,A+,5 years,$75k - $120k,CURRENT,0,Evergreen Capital Servicing,2026-07-11,2026-08-07 17:44:07,VERIFIED,BlackKnight_MSP
LN-11057,BOR-20107,Jumbo_30Y,2021-03-29,2036-01-10,432042.66,388069.24,6.592,180,KS,Home_Improvement,B,16 years,> $200k,CURRENT,0,Beacon Servicing Group,2026-06-30,2026-08-07 17:44:07,VERIFIED,Spreadsheet_Manual_Upload
LN-11058,BOR-20108,Conventional_30Y,2022-01-24,2041-10-11,378212.07,292168.71,5.437,240,NY,Debt_Consolidation,A+,1 years,$75k - $120k,CURRENT,0,Citadel Loan Partners,2026-08-16,2026-08-02 17:44:07,VERIFIED,Spreadsheet_Manual_Upload
LN-11059,BOR-20109,Jumbo_30Y,2021-06-03,2050-12-28,333628.34,251205.28,4.106,360,MI,Refinance_RateTerm,D,8 years,$75k - $120k,CURRENT,0,Citadel Loan Partners,2026-06-30,2026-08-15 17:44:07,VERIFIED,Spreadsheet_Manual_Upload
LN-11060,BOR-20110,Commercial_Mortgage,2021-02-12,2050-09-08,436780.33,408921.78,5.451,360,OR,Refinance_CashOut,B+,14 years,> $200k,CURRENT,0,Evergreen Capital Servicing,2026-07-30,2026-08-24 17:44:07,VERIFIED,Spreadsheet_Manual_Upload
LN-11061,BOR-20111,Auto_Loan,2021-05-09,2036-02-20,95160.16,81482.43,3.02,180,GA,Home_Improvement,B,17 years,< $40k,CURRENT,0,Apex Mortgage Servicing,2026-08-05,2026-07-16 17:44:07,VERIFIED,BlackKnight_MSP
LN-11062,BOR-20112,FHA_30Y,2023-08-30,2053-03-25,381549.24,244893.99,4.182,360,WA,Home_Improvement,B+,17 years,< $40k,CURRENT,0,Apex Mortgage Servicing,2026-08-12,2026-07-12 17:44:07,VERIFIED,Fiserv_Core
LN-11063,BOR-20113,Jumbo_30Y,2021-06-24,2051-01-18,415206.43,300686.22,6.585,360,WI,Home_Improvement,B,6 years,< $40k,CURRENT,0,Beacon Servicing Group,2026-07-29,2026-07-23 17:44:07,VERIFIED,Fiserv_Core
LN-11064,BOR-20114,VA_30Y,2021-11-14,2036-08-27,722541.56,622724.27,5.406,180,NY,Home_Improvement,B,13 years,$40k - $75k,CURRENT,0,Citadel Loan Partners,2026-06-27,2026-08-23 17:44:07,VERIFIED,Empower_Origination
LN-11065,BOR-20115,Commercial_Mortgage,2023-01-09,2037-10-22,523025.63,434646.98,6.678,180,MD,Refinance_CashOut,A+,3 years,$120k - $200k,CURRENT,0,Citadel Loan Partners,2026-06-27,2026-08-07 17:44:07,VERIFIED,Spreadsheet_Manual_Upload
LN-11066,BOR-20116,Auto_Loan,2023-07-28,2053-02-20,692636.01,470845.01,6.952,360,AL,Refinance_CashOut,D,17 years,> $200k,CURRENT,0,Citadel Loan Partners,2026-07-06,2026-08-17 17:44:07,VERIFIED,Fiserv_Core
LN-11067,BOR-20117,Conventional_30Y,2022-12-06,2052-07-01,287950.31,244356.46,6.425,360,MD,Refinance_CashOut,B+,7 years,$40k - $75k,CURRENT,0,Beacon Servicing Group,2026-06-29,2026-07-23 17:44:07,VERIFIED,BlackKnight_MSP
LN-11068,BOR-20118,ARM_5_1,2021-05-06,2050-11-30,326304.0,284648.82,3.563,360,OH,Purchase,A,15 years,> $200k,CURRENT,0,Apex Mortgage Servicing,2026-07-18,2026-08-22 17:44:07,VERIFIED,Spreadsheet_Manual_Upload
LN-11069,BOR-20119,VA_30Y,2022-08-31,2037-06-13,113993.08,81211.63,5.582,180,NC,Home_Improvement,B-,8 years,< $40k,CURRENT,0,Apex Mortgage Servicing,2026-08-16,2026-07-17 17:44:07,VERIFIED,Spreadsheet_Manual_Upload
LN-11070,BOR-20120,Personal_Installment,2022-02-03,2041-10-21,116715.46,71633.07,7.686,240,WY,Debt_Consolidation,D,1 years,< $40k,CURRENT,0,Apex Mortgage Servicing,2026-07-01,2026-08-24 17:44:07,VERIFIED,Spreadsheet_Manual_Upload
LN-11071,BOR-20121,Conventional_15Y,2023-03-09,2042-11-24,340515.88,257971.71,7.566,240,MS,Purchase,B+,13 years,$75k - $120k,CURRENT,0,Citadel Loan Partners,2026-07-06,2026-08-07 17:44:07,VERIFIED,Spreadsheet_Manual_Upload
LN-11072,BOR-20122,Conventional_15Y,2023-07-19,2053-02-11,340857.64,323448.02,6.321,360,AZ,Home_Improvement,B-,12 years,$40k - $75k,CURRENT,0,Evergreen Capital Servicing,2026-08-17,2026-08-18 17:44:07,VERIFIED,Spreadsheet_Manual_Upload
LN-11073,BOR-20123,Jumbo_30Y,2022-07-07,2037-04-19,254570.44,221228.76,5.797,180,MN,Purchase,E,5 years,$120k - $200k,CURRENT,0,Beacon Servicing Group,2026-08-08,2026-07-18 17:44:07,VERIFIED,Spreadsheet_Manual_Upload
LN-11074,BOR-20124,Auto_Loan,2021-03-17,2035-12-29,218099.67,186201.09,4.692,180,IL,Purchase,B,2 years,$75k - $120k,CURRENT,0,Apex Mortgage Servicing,2026-06-29,2026-08-02 17:44:07,VERIFIED,LOS_Encompass
LN-11075,BOR-20125,ARM_5_1,2022-05-20,2037-03-02,704914.63,563907.5,8.306,180,AK,Purchase,D,4 years,< $40k,CURRENT,0,Apex Mortgage Servicing,2026-08-19,2026-08-13 17:44:07,VERIFIED,LOS_Encompass
LN-11076,BOR-20126,Auto_Loan,2022-01-05,2036-10-18,323412.82,207117.17,3.258,180,VT,Purchase,C+,5 years,$120k - $200k,DELINQUENT_60,60,Apex Mortgage Servicing,2026-08-10,2026-08-12 17:44:07,VERIFIED,BlackKnight_MSP
LN-11077,BOR-20127,ARM_5_1,2021-02-23,2040-11-10,622178.38,480211.87,3.805,240,NE,Purchase,C,16 years,$120k - $200k,CURRENT,0,Beacon Servicing Group,2026-07-13,2026-08-12 17:44:07,VERIFIED,Spreadsheet_Manual_Upload
LN-11078,BOR-20128,Jumbo_30Y,2023-02-07,2042-10-25,724190.34,658622.15,4.498,240,NM,Purchase,D,15 years,$40k - $75k,CURRENT,0,Evergreen Capital Servicing,2026-07-05,2026-07-23 17:44:07,VERIFIED,Empower_Origination
LN-11079,BOR-20129,Commercial_Mortgage,2021-08-06,2036-05-19,213623.22,174956.15,6.912,180,FL,Purchase,B-,15 years,< $40k,CURRENT,0,Citadel Loan Partners,2026-07-16,2026-07-19 17:44:07,VERIFIED,LOS_Encompass
LN-11080,BOR-20130,Jumbo_30Y,2022-08-11,2042-04-28,177244.62,167403.88,8.473,240,IN,Debt_Consolidation,A-,13 years,> $200k,CURRENT,0,Delta Servicing Co.,2026-07-03,2026-07-17 17:44:07,VERIFIED,Spreadsheet_Manual_Upload
LN-11081,BOR-20131,Commercial_Mortgage,2021-10-31,2051-05-27,631197.53,457862.95,7.117,360,AK,Home_Improvement,A,17 years,$75k - $120k,CURRENT,0,Evergreen Capital Servicing,2026-07-28,2026-07-16 17:44:07,VERIFIED,Spreadsheet_Manual_Upload
LN-11082,BOR-20132,VA_30Y,2021-12-05,2036-09-17,445737.91,377521.01,7.191,180,WI,Debt_Consolidation,E,7 years,$40k - $75k,CURRENT,0,Beacon Servicing Group,2026-08-03,2026-08-16 17:44:07,VERIFIED,Fiserv_Core
LN-11083,BOR-20133,Commercial_Mortgage,2022-07-28,2052-02-21,722439.62,672468.2,6.328,360,TX,Debt_Consolidation,C,5 years,$120k - $200k,CURRENT,0,Delta Servicing Co.,2026-08-20,2026-07-15 17:44:07,VERIFIED,Fiserv_Core
LN-11084,BOR-20134,FHA_30Y,2021-08-10,2051-03-06,266651.23,165307.49,6.915,360,MS,Debt_Consolidation,B+,11 years,> $200k,CURRENT,0,Evergreen Capital Servicing,2026-08-13,2026-07-14 17:44:07,VERIFIED,Spreadsheet_Manual_Upload
LN-11085,BOR-20135,Conventional_30Y,2023-04-28,2043-01-13,52150.57,43251.65,5.093,240,RI,Purchase,A-,14 years,$75k - $120k,DELINQUENT_60,60,Delta Servicing Co.,2026-07-15,2026-08-03 17:44:07,VERIFIED,Spreadsheet_Manual_Upload
LN-11086,BOR-20136,FHA_30Y,2022-11-08,2042-07-26,236226.98,159627.95,4.949,240,LA,Refinance_RateTerm,C+,3 years,$40k - $75k,DELINQUENT_120,120,Delta Servicing Co.,2026-08-15,2026-07-13 17:44:07,VERIFIED,Empower_Origination
LN-11087,BOR-20137,VA_30Y,2021-11-18,2051-06-14,450054.91,273108.65,7.065,360,IN,Refinance_CashOut,B,13 years,> $200k,CURRENT,0,Citadel Loan Partners,2026-06-28,2026-07-24 17:44:07,VERIFIED,BlackKnight_MSP
LN-11088,BOR-20138,Conventional_30Y,2023-05-03,2038-02-13,721455.78,564578.06,4.036,180,CA,Debt_Consolidation,C+,13 years,$120k - $200k,DELINQUENT_30,30,Apex Mortgage Servicing,2026-06-29,2026-08-01 17:44:07,VERIFIED,Spreadsheet_Manual_Upload
LN-11089,BOR-20139,VA_30Y,2021-03-25,2036-01-06,517820.53,344345.57,4.675,180,TX,Purchase,A,13 years,> $200k,DELINQUENT_90,90,Apex Mortgage Servicing,2026-08-03,2026-07-16 17:44:07,VERIFIED,Spreadsheet_Manual_Upload
LN-11090,BOR-20140,Conventional_15Y,2021-11-26,2051-06-22,88026.47,71061.4,3.769,360,NH,Debt_Consolidation,B+,15 years,$120k - $200k,CURRENT,0,Citadel Loan Partners,2026-08-07,2026-07-16 17:44:07,VERIFIED,BlackKnight_MSP
LN-11091,BOR-20141,Jumbo_30Y,2023-07-07,2038-04-19,396688.16,315389.61,4.369,180,NJ,Purchase,C,5 years,$120k - $200k,CURRENT,0,Beacon Servicing Group,2026-07-14,2026-08-17 17:44:07,VERIFIED,BlackKnight_MSP
LN-11092,BOR-20142,Conventional_30Y,2023-03-29,2052-10-22,114448.66,73778.54,6.919,360,IA,Home_Improvement,A+,6 years,> $200k,CURRENT,0,Citadel Loan Partners,2026-08-20,2026-07-31 17:44:07,VERIFIED,Spreadsheet_Manual_Upload
LN-11093,BOR-20143,Auto_Loan,2021-03-10,2040-11-25,729207.88,642101.27,5.36,240,PA,Refinance_CashOut,B-,12 years,$40k - $75k,CURRENT,0,Delta Servicing Co.,2026-08-15,2026-07-27 17:44:07,VERIFIED,Spreadsheet_Manual_Upload
LN-11094,BOR-20144,Conventional_15Y,2021-01-11,2040-09-28,193441.93,116328.47,7.969,240,MT,Purchase,A,6 years,< $40k,CURRENT,0,Delta Servicing Co.,2026-08-06,2026-07-24 17:44:07,VERIFIED,BlackKnight_MSP
LN-11095,BOR-20145,FHA_30Y,2022-05-23,2042-02-07,432278.95,262932.98,4.912,240,WA,Refinance_CashOut,C,3 years,> $200k,CURRENT,0,Apex Mortgage Servicing,2026-07-06,2026-08-15 17:44:07,VERIFIED,Spreadsheet_Manual_Upload
LN-11096,BOR-20146,ARM_5_1,2021-05-25,2036-03-07,654885.98,554750.13,2.997,180,OH,Home_Improvement,B,10 years,< $40k,CURRENT,0,Citadel Loan Partners,2026-06-29,2026-08-19 17:44:07,VERIFIED,Fiserv_Core
LN-11097,BOR-20147,Personal_Installment,2021-04-21,2050-11-15,699378.77,442871.13,7.01,360,NV,Debt_Consolidation,A-,6 years,< $40k,DELINQUENT_60,60,Apex Mortgage Servicing,2026-07-21,2026-07-19 17:44:07,VERIFIED,Spreadsheet_Manual_Upload
LN-11098,BOR-20148,FHA_30Y,2022-10-06,2037-07-19,185369.78,142401.33,8.349,180,NJ,Debt_Consolidation,D,11 years,$120k - $200k,CURRENT,0,Delta Servicing Co.,2026-08-07,2026-07-29 17:44:07,VERIFIED,Empower_Origination
LN-11099,BOR-20149,Auto_Loan,2023-06-17,2038-03-30,130489.83,100430.83,5.875,180,CO,Home_Improvement,A+,11 years,$40k - $75k,CURRENT,0,Apex Mortgage Servicing,2026-07-21,2026-07-12 17:44:07,VERIFIED,Spreadsheet_Manual_Upload
LN-11100,BOR-20150,Auto_Loan,2022-10-14,2052-05-09,350082.44,249167.38,8.468,360,UT,Home_Improvement,A+,13 years,$120k - $200k,CURRENT,0,Beacon Servicing Group,2026-06-27,2026-08-25 17:44:07,VERIFIED,BlackKnight_MSP
LN-11101,BOR-20151,Conventional_30Y,2022-07-08,2042-03-25,150540.63,108296.12,3.733,240,MA,Refinance_RateTerm,B-,6 years,< $40k,CURRENT,0,Citadel Loan Partners,2026-08-21,2026-08-04 17:44:07,VERIFIED,Spreadsheet_Manual_Upload
LN-11102,BOR-20152,Personal_Installment,2022-12-05,2037-09-17,235436.03,176741.56,6.962,180,MS,Refinance_CashOut,A,5 years,$75k - $120k,CURRENT,0,Evergreen Capital Servicing,2026-08-19,2026-07-21 17:44:07,VERIFIED,Spreadsheet_Manual_Upload
LN-11103,BOR-20153,Auto_Loan,2021-10-02,2051-04-28,214653.43,157082.75,5.866,360,KS,Purchase,A-,5 years,< $40k,CURRENT,0,Evergreen Capital Servicing,2026-07-08,2026-08-11 17:44:07,VERIFIED,Spreadsheet_Manual_Upload
LN-11104,BOR-20154,Commercial_Mortgage,2022-09-05,2052-03-31,551725.74,475714.51,8.322,360,ME,Refinance_CashOut,B,11 years,> $200k,CURRENT,0,Apex Mortgage Servicing,2026-08-03,2026-08-03 17:44:07,VERIFIED,Fiserv_Core
LN-11105,BOR-20155,Auto_Loan,2022-04-14,2051-11-08,723700.99,497246.96,2.956,360,ME,Home_Improvement,A,12 years,$40k - $75k,CURRENT,0,Delta Servicing Co.,2026-07-28,2026-07-26 17:44:07,VERIFIED,Empower_Origination
LN-11106,BOR-20156,Auto_Loan,2021-07-11,2051-02-04,68352.52,50208.07,4.331,360,WY,Purchase,E,3 years,$120k - $200k,CURRENT,0,Delta Servicing Co.,2026-07-18,2026-08-16 17:44:07,VERIFIED,Spreadsheet_Manual_Upload
LN-11107,BOR-20157,Commercial_Mortgage,2022-05-25,2051-12-19,552977.82,0.0,7.546,360,CO,Debt_Consolidation,E,7 years,$120k - $200k,PAID_OFF,0,Evergreen Capital Servicing,2026-08-01,2026-07-13 17:44:07,VERIFIED,Spreadsheet_Manual_Upload
LN-11108,BOR-20158,Conventional_30Y,2022-10-21,2042-07-08,180366.03,131880.02,4.116,240,FL,Refinance_RateTerm,A+,12 years,$120k - $200k,CURRENT,0,Delta Servicing Co.,2026-07-16,2026-08-23 17:44:07,VERIFIED,LOS_Encompass
LN-11109,BOR-20159,Conventional_15Y,2021-10-14,2036-07-27,679836.73,603989.03,7.042,180,AL,Refinance_RateTerm,B,6 years,> $200k,CURRENT,0,Beacon Servicing Group,2026-08-13,2026-08-03 17:44:07,VERIFIED,Spreadsheet_Manual_Upload
LN-11110,BOR-20160,Jumbo_30Y,2022-10-16,2037-07-29,222637.36,137350.79,6.68,180,AK,Debt_Consolidation,B,13 years,$40k - $75k,CURRENT,0,Evergreen Capital Servicing,2026-08-15,2026-08-04 17:44:07,VERIFIED,Fiserv_Core
LN-11111,BOR-20161,FHA_30Y,2021-03-23,2040-12-08,529128.48,333034.0,3.823,240,VT,Refinance_RateTerm,C,6 years,$75k - $120k,CURRENT,0,Beacon Servicing Group,2026-07-27,2026-07-19 17:44:07,VERIFIED,Empower_Origination
LN-11112,BOR-20162,VA_30Y,2022-06-27,2042-03-14,475556.3,337524.6,3.338,240,AR,Purchase,D,13 years,$75k - $120k,CURRENT,0,Delta Servicing Co.,2026-07-19,2026-08-09 17:44:07,VERIFIED,Fiserv_Core
LN-11113,BOR-20163,Auto_Loan,2021-01-17,2040-10-04,476918.7,326882.1,7.195,240,MD,Refinance_RateTerm,B+,1 years,$40k - $75k,CURRENT,0,Evergreen Capital Servicing,2026-06-30,2026-07-20 17:44:07,VERIFIED,LOS_Encompass
LN-11114,BOR-20164,Conventional_15Y,2022-09-06,2042-05-24,388974.36,363142.01,5.749,240,SD,Refinance_RateTerm,E,8 years,$75k - $120k,CURRENT,0,Citadel Loan Partners,2026-08-08,2026-07-31 17:44:07,VERIFIED,BlackKnight_MSP
LN-11115,BOR-20165,Conventional_15Y,2021-10-28,2041-07-15,367573.71,307156.08,4.635,240,OH,Refinance_CashOut,A-,12 years,> $200k,CURRENT,0,Delta Servicing Co.,2026-07-06,2026-07-23 17:44:07,VERIFIED,LOS_Encompass
LN-11116,BOR-20166,VA_30Y,2022-04-04,2041-12-20,646091.53,603431.88,8.269,240,MO,Refinance_CashOut,A,10 years,< $40k,DELINQUENT_90,90,Beacon Servicing Group,2026-07-23,2026-08-01 17:44:07,VERIFIED,Spreadsheet_Manual_Upload
LN-11117,BOR-20167,Auto_Loan,2022-12-14,2037-09-26,464214.36,364171.2,3.096,180,ND,Refinance_CashOut,C,1 years,$75k - $120k,CURRENT,0,Evergreen Capital Servicing,2026-07-19,2026-07-21 17:44:07,VERIFIED,BlackKnight_MSP
LN-11118,BOR-20168,Commercial_Mortgage,2023-07-01,2038-04-13,145794.84,121620.21,7.402,180,WY,Home_Improvement,C+,2 years,$75k - $120k,CURRENT,0,Delta Servicing Co.,2026-07-02,2026-07-28 17:44:07,VERIFIED,Spreadsheet_Manual_Upload
LN-11119,BOR-20169,Personal_Installment,2021-11-02,2041-07-20,653814.88,589494.75,6.81,240,AR,Refinance_RateTerm,B,18 years,$75k - $120k,CURRENT,0,Citadel Loan Partners,2026-07-02,2026-08-05 17:44:07,VERIFIED,Spreadsheet_Manual_Upload
LN-11120,BOR-20170,Jumbo_30Y,2022-05-30,2037-03-12,140227.79,0.0,7.985,180,PA,Home_Improvement,B-,1 years,$40k - $75k,PAID_OFF,0,Apex Mortgage Servicing,2026-08-19,2026-08-16 17:44:07,VERIFIED,BlackKnight_MSP
LN-11121,BOR-20171,ARM_5_1,2021-08-24,2051-03-20,460431.93,295853.9,3.168,360,TN,Refinance_CashOut,A,11 years,$75k - $120k,DELINQUENT_30,30,Citadel Loan Partners,2026-07-31,2026-07-26 17:44:07,VERIFIED,LOS_Encompass
LN-11122,BOR-20172,Auto_Loan,2022-10-11,2037-07-24,493103.6,372568.8,3.797,180,OH,Refinance_RateTerm,B,10 years,> $200k,CURRENT,0,Evergreen Capital Servicing,2026-07-13,2026-07-25 17:44:07,VERIFIED,Empower_Origination
LN-11123,BOR-20173,Personal_Installment,2023-08-18,2053-03-13,205459.86,162898.54,6.415,360,CT,Refinance_RateTerm,C+,5 years,< $40k,CURRENT,0,Beacon Servicing Group,2026-07-29,2026-08-07 17:44:07,VERIFIED,Empower_Origination
LN-11124,BOR-20174,Conventional_15Y,2021-08-12,2051-03-08,613769.33,545944.22,5.874,360,OH,Refinance_CashOut,B+,3 years,$40k - $75k,CURRENT,0,Apex Mortgage Servicing,2026-07-12,2026-08-06 17:44:07,VERIFIED,Spreadsheet_Manual_Upload
LN-11125,BOR-20175,Conventional_15Y,2022-01-22,2036-11-04,566807.51,362802.86,5.738,180,OR,Refinance_RateTerm,C,6 years,$40k - $75k,CURRENT,0,Apex Mortgage Servicing,2026-07-18,2026-08-15 17:44:07,VERIFIED,Fiserv_Core
LN-11126,BOR-20176,Commercial_Mortgage,2022-12-25,2052-07-20,110964.32,87705.13,7.275,360,SC,Home_Improvement,C,11 years,$75k - $120k,CURRENT,0,Citadel Loan Partners,2026-07-22,2026-08-17 17:44:07,VERIFIED,Fiserv_Core
LN-11127,BOR-20177,FHA_30Y,2023-08-23,2053-03-18,72885.64,65607.57,3.269,360,WY,Home_Improvement,C+,18 years,$40k - $75k,CURRENT,0,Evergreen Capital Servicing,2026-06-27,2026-08-14 17:44:07,VERIFIED,Fiserv_Core
LN-11128,BOR-20178,Conventional_15Y,2022-04-26,2051-11-20,172884.3,136577.15,3.987,360,CT,Refinance_CashOut,E,6 years,< $40k,CURRENT,0,Evergreen Capital Servicing,2026-07-16,2026-07-17 17:44:07,VERIFIED,Empower_Origination
LN-11129,BOR-20179,Commercial_Mortgage,2023-09-06,2038-06-19,120567.03,96515.71,4.63,180,ID,Purchase,B,8 years,> $200k,CURRENT,0,Beacon Servicing Group,2026-08-01,2026-07-15 17:44:07,VERIFIED,BlackKnight_MSP
LN-11130,BOR-20180,VA_30Y,2023-05-27,2052-12-20,676165.16,594271.23,5.947,360,WI,Refinance_RateTerm,C+,4 years,$120k - $200k,CURRENT,0,Delta Servicing Co.,2026-08-07,2026-08-15 17:44:07,VERIFIED,Fiserv_Core
LN-11131,BOR-20181,Jumbo_30Y,2023-08-23,2038-06-05,63692.22,53092.66,7.726,180,NE,Home_Improvement,E,4 years,$40k - $75k,CURRENT,0,Evergreen Capital Servicing,2026-07-24,2026-08-25 17:44:07,VERIFIED,Empower_Origination
LN-11132,BOR-20182,FHA_30Y,2021-03-13,2040-11-28,163462.7,136346.13,6.584,240,WV,Home_Improvement,D,16 years,< $40k,CURRENT,0,Citadel Loan Partners,2026-08-13,2026-07-19 17:44:07,VERIFIED,Spreadsheet_Manual_Upload
LN-11133,BOR-20183,Auto_Loan,2021-05-14,2036-02-25,154467.7,102827.25,7.078,180,OH,Refinance_CashOut,B-,13 years,< $40k,CURRENT,0,Apex Mortgage Servicing,2026-08-05,2026-07-21 17:44:07,VERIFIED,Fiserv_Core
LN-11134,BOR-20184,Personal_Installment,2022-05-31,2051-12-25,404140.78,303460.24,4.759,360,AZ,Refinance_RateTerm,D,12 years,$40k - $75k,CURRENT,0,Apex Mortgage Servicing,2026-07-01,2026-08-23 17:44:07,VERIFIED,Empower_Origination
LN-11135,BOR-20185,Conventional_30Y,2021-11-06,2041-07-24,215401.14,175390.83,3.222,240,NE,Debt_Consolidation,B-,4 years,$120k - $200k,DELINQUENT_60,60,Beacon Servicing Group,2026-06-27,2026-07-20 17:44:07,VERIFIED,LOS_Encompass
LN-11136,BOR-20186,Conventional_30Y,2022-10-21,2037-08-03,454031.91,307503.47,6.946,180,ID,Refinance_RateTerm,A+,3 years,$75k - $120k,CURRENT,0,Evergreen Capital Servicing,2026-08-09,2026-08-22 17:44:07,VERIFIED,Spreadsheet_Manual_Upload
LN-11137,BOR-20187,VA_30Y,2022-08-14,2037-05-27,340909.09,267772.56,3.96,180,ID,Home_Improvement,A,4 years,$40k - $75k,CURRENT,0,Beacon Servicing Group,2026-08-14,2026-08-12 17:44:07,VERIFIED,Empower_Origination
LN-11138,BOR-20188,Conventional_15Y,2023-08-05,2053-02-28,540281.4,426216.83,5.433,360,RI,Refinance_CashOut,A+,4 years,> $200k,CURRENT,0,Apex Mortgage Servicing,2026-08-14,2026-08-01 17:44:07,VERIFIED,Fiserv_Core
LN-11139,BOR-20189,Conventional_15Y,2023-07-25,2038-05-07,176494.88,160198.25,6.9,180,CT,Refinance_CashOut,B-,17 years,$120k - $200k,CURRENT,0,Evergreen Capital Servicing,2026-07-05,2026-08-12 17:44:07,VERIFIED,LOS_Encompass
LN-11140,BOR-20190,Jumbo_30Y,2021-07-17,2051-02-10,352013.99,292854.65,5.833,360,RI,Refinance_CashOut,C,10 years,> $200k,DELINQUENT_90,90,Beacon Servicing Group,2026-08-15,2026-08-20 17:44:07,VERIFIED,BlackKnight_MSP
LN-11141,BOR-20191,Conventional_30Y,2022-12-01,2052-06-26,326348.59,250085.58,8.051,360,CA,Debt_Consolidation,B-,5 years,$40k - $75k,CURRENT,0,Apex Mortgage Servicing,2026-06-29,2026-07-19 17:44:07,VERIFIED,Empower_Origination
LN-11142,BOR-20192,ARM_5_1,2023-01-09,2042-09-26,316346.94,212951.64,7.41,240,AK,Purchase,B+,12 years,$40k - $75k,CURRENT,0,Apex Mortgage Servicing,2026-07-03,2026-08-19 17:44:07,VERIFIED,Empower_Origination
LN-11143,BOR-20193,Personal_Installment,2021-05-26,2036-03-08,242823.36,194658.92,4.814,180,CO,Debt_Consolidation,B-,13 years,$75k - $120k,CURRENT,0,Apex Mortgage Servicing,2026-08-05,2026-08-21 17:44:07,VERIFIED,Empower_Origination
LN-11144,BOR-20194,Conventional_30Y,2022-05-09,2037-02-19,701129.66,562403.5,4.83,180,NJ,Home_Improvement,B+,18 years,$120k - $200k,CURRENT,0,Evergreen Capital Servicing,2026-08-18,2026-07-28 17:44:07,VERIFIED,LOS_Encompass
LN-11145,BOR-20195,Commercial_Mortgage,2023-06-02,2043-02-17,463568.87,373488.45,3.497,240,MD,Debt_Consolidation,A,11 years,$75k - $120k,CURRENT,0,Apex Mortgage Servicing,2026-08-07,2026-07-12 17:44:07,VERIFIED,BlackKnight_MSP
LN-11146,BOR-20196,Conventional_30Y,2021-03-02,2035-12-14,137286.28,100816.45,7.971,180,KY,Home_Improvement,E,15 years,$75k - $120k,CURRENT,0,Evergreen Capital Servicing,2026-08-17,2026-08-02 17:44:07,VERIFIED,Fiserv_Core
LN-11147,BOR-20197,ARM_5_1,2021-10-19,2041-07-06,347619.08,309252.75,4.165,240,IA,Purchase,A-,9 years,$120k - $200k,CURRENT,0,Evergreen Capital Servicing,2026-08-18,2026-08-18 17:44:07,VERIFIED,Spreadsheet_Manual_Upload
LN-11148,BOR-20198,Conventional_15Y,2021-08-01,2036-05-14,68651.79,43318.33,7.307,180,NM,Refinance_CashOut,A,15 years,$120k - $200k,CURRENT,0,Delta Servicing Co.,2026-08-11,2026-07-29 17:44:07,VERIFIED,Spreadsheet_Manual_Upload
LN-11149,BOR-20199,Conventional_30Y,2021-01-14,2050-08-10,411796.35,274125.56,6.604,360,CT,Purchase,A-,1 years,< $40k,CURRENT,0,Delta Servicing Co.,2026-08-16,2026-08-13 17:44:07,VERIFIED,Spreadsheet_Manual_Upload
LN-11150,BOR-20200,Conventional_30Y,2022-04-09,2041-12-25,121166.51,112823.1,6.848,240,MN,Purchase,A+,10 years,$75k - $120k,CURRENT,0,Delta Servicing Co.,2026-08-02,2026-08-13 17:44:07,VERIFIED,Fiserv_Core
LN-11151,BOR-20201,FHA_30Y,2022-12-22,2037-10-04,187587.51,177063.78,5.252,180,SC,Debt_Consolidation,D,12 years,$120k - $200k,CURRENT,0,Citadel Loan Partners,2026-07-21,2026-08-24 17:44:07,VERIFIED,Empower_Origination
LN-11152,BOR-20202,Conventional_15Y,2021-01-06,2050-08-02,283633.89,170204.29,7.371,360,WY,Refinance_CashOut,E,13 years,$40k - $75k,CURRENT,0,Delta Servicing Co.,2026-08-05,2026-07-29 17:44:07,VERIFIED,Fiserv_Core
LN-11153,BOR-20203,Commercial_Mortgage,2021-03-22,2036-01-03,297263.62,275733.98,4.133,180,NC,Home_Improvement,A+,2 years,< $40k,CURRENT,0,Delta Servicing Co.,2026-08-15,2026-08-06 17:44:07,VERIFIED,BlackKnight_MSP
LN-11154,BOR-20204,Conventional_30Y,2023-03-26,2038-01-06,131535.67,104383.29,5.543,180,UT,Purchase,B,2 years,< $40k,CURRENT,0,Beacon Servicing Group,2026-07-18,2026-07-21 17:44:07,VERIFIED,LOS_Encompass
LN-11155,BOR-20205,Jumbo_30Y,2021-01-04,2050-07-31,270532.88,0.0,6.819,360,CO,Refinance_CashOut,A+,9 years,> $200k,PAID_OFF,0,Evergreen Capital Servicing,2026-08-02,2026-07-15 17:44:07,VERIFIED,Spreadsheet_Manual_Upload
LN-11156,BOR-20206,Personal_Installment,2023-03-14,2042-11-29,474276.38,286275.94,6.424,240,ME,Purchase,B+,15 years,> $200k,CURRENT,0,Delta Servicing Co.,2026-07-28,2026-07-18 17:44:07,VERIFIED,Spreadsheet_Manual_Upload
LN-11157,BOR-20207,Jumbo_30Y,2022-02-25,2036-12-08,685653.03,422082.37,3.604,180,NV,Refinance_RateTerm,A+,16 years,$120k - $200k,CURRENT,0,Beacon Servicing Group,2026-07-04,2026-08-05 17:44:07,VERIFIED,Fiserv_Core
LN-11158,BOR-20208,FHA_30Y,2023-01-25,2037-11-07,532218.93,0.0,6.148,180,MD,Debt_Consolidation,E,4 years,> $200k,PAID_OFF,0,Citadel Loan Partners,2026-08-11,2026-07-29 17:44:07,VERIFIED,Empower_Origination
LN-11159,BOR-20209,Conventional_30Y,2022-04-24,2037-02-04,85686.56,67584.45,7.948,180,NJ,Purchase,A,14 years,< $40k,CURRENT,0,Apex Mortgage Servicing,2026-07-12,2026-07-14 17:44:07,VERIFIED,BlackKnight_MSP
LN-11160,BOR-20210,Conventional_15Y,2023-08-25,2053-03-20,731267.65,673284.77,4.874,360,DE,Debt_Consolidation,E,17 years,> $200k,CURRENT,0,Evergreen Capital Servicing,2026-07-24,2026-08-16 17:44:07,VERIFIED,LOS_Encompass
LN-11161,BOR-20211,Conventional_15Y,2023-09-13,2043-05-31,65689.21,43177.64,5.646,240,ID,Refinance_RateTerm,D,1 years,< $40k,CURRENT,0,Citadel Loan Partners,2026-08-02,2026-07-22 17:44:07,VERIFIED,Empower_Origination
LN-11162,BOR-20212,FHA_30Y,2022-04-08,2037-01-19,712762.19,456734.82,5.751,180,AK,Refinance_CashOut,E,15 years,> $200k,CURRENT,0,Evergreen Capital Servicing,2026-08-10,2026-08-22 17:44:07,VERIFIED,LOS_Encompass
LN-11163,BOR-20213,Jumbo_30Y,2021-02-17,2050-09-13,343151.31,287537.0,6.583,360,VA,Refinance_CashOut,C+,3 years,$75k - $120k,CURRENT,0,Apex Mortgage Servicing,2026-08-11,2026-07-24 17:44:07,VERIFIED,Fiserv_Core
LN-11164,BOR-20214,Jumbo_30Y,2022-09-07,2037-06-20,519288.64,391600.18,5.652,180,UT,Home_Improvement,E,16 years,< $40k,CURRENT,0,Beacon Servicing Group,2026-07-07,2026-08-18 17:44:07,VERIFIED,BlackKnight_MSP
LN-11165,BOR-20215,Conventional_15Y,2022-03-10,2051-10-04,128745.1,103060.15,5.593,360,NM,Refinance_CashOut,A-,16 years,$75k - $120k,CURRENT,0,Evergreen Capital Servicing,2026-07-17,2026-08-11 17:44:07,VERIFIED,BlackKnight_MSP
LN-11166,BOR-20216,Commercial_Mortgage,2021-04-20,2041-01-05,595321.48,469658.75,7.338,240,RI,Home_Improvement,A-,10 years,< $40k,CURRENT,0,Citadel Loan Partners,2026-06-29,2026-07-17 17:44:07,VERIFIED,Fiserv_Core
LN-11167,BOR-20217,Commercial_Mortgage,2021-09-12,2051-04-08,554248.45,345050.27,5.219,360,MO,Home_Improvement,D,10 years,$40k - $75k,DELINQUENT_30,30,Beacon Servicing Group,2026-07-17,2026-08-04 17:44:07,VERIFIED,LOS_Encompass
LN-11168,BOR-20218,Commercial_Mortgage,2021-06-13,2036-03-26,736858.4,608313.47,7.12,180,NH,Home_Improvement,B,18 years,> $200k,CURRENT,0,Evergreen Capital Servicing,2026-07-02,2026-08-11 17:44:07,VERIFIED,BlackKnight_MSP
LN-11169,BOR-20219,Auto_Loan,2022-06-30,2042-03-17,537681.48,467899.45,2.986,240,OK,Refinance_CashOut,B,13 years,$120k - $200k,CURRENT,0,Evergreen Capital Servicing,2026-07-24,2026-07-18 17:44:07,VERIFIED,Spreadsheet_Manual_Upload
LN-11170,BOR-20220,Conventional_15Y,2021-01-23,2040-10-10,486267.34,451162.0,4.474,240,AZ,Purchase,E,8 years,$75k - $120k,CURRENT,0,Beacon Servicing Group,2026-06-30,2026-08-12 17:44:07,VERIFIED,Fiserv_Core
LN-11171,BOR-20221,Conventional_15Y,2021-08-07,2036-05-20,382577.27,308865.58,2.752,180,VA,Refinance_CashOut,A+,9 years,$75k - $120k,CURRENT,0,Citadel Loan Partners,2026-07-03,2026-07-12 17:44:07,VERIFIED,LOS_Encompass
LN-11172,BOR-20222,FHA_30Y,2023-07-18,2043-04-04,719303.78,0.0,5.6,240,IN,Purchase,E,4 years,$120k - $200k,PAID_OFF,0,Beacon Servicing Group,2026-07-08,2026-08-07 17:44:07,VERIFIED,BlackKnight_MSP
LN-11173,BOR-20223,Conventional_30Y,2022-03-03,2051-09-27,331445.32,307543.85,7.095,360,IA,Purchase,D,5 years,$75k - $120k,CURRENT,0,Evergreen Capital Servicing,2026-07-12,2026-08-23 17:44:07,VERIFIED,Spreadsheet_Manual_Upload
LN-11174,BOR-20224,Auto_Loan,2021-01-03,2050-07-30,656409.13,517510.48,5.919,360,OH,Refinance_RateTerm,A,15 years,$75k - $120k,CURRENT,0,Apex Mortgage Servicing,2026-07-02,2026-08-11 17:44:07,VERIFIED,BlackKnight_MSP
LN-11175,BOR-20225,FHA_30Y,2022-10-04,2042-06-21,313572.24,268806.9,5.178,240,RI,Debt_Consolidation,E,8 years,> $200k,CURRENT,0,Delta Servicing Co.,2026-08-02,2026-07-24 17:44:07,VERIFIED,Fiserv_Core
LN-11176,BOR-20226,Jumbo_30Y,2023-07-03,2053-01-26,656712.57,548641.11,6.133,360,CO,Purchase,A,4 years,> $200k,CURRENT,0,Beacon Servicing Group,2026-08-18,2026-07-13 17:44:07,VERIFIED,Fiserv_Core
LN-11177,BOR-20227,ARM_5_1,2022-12-15,2037-09-27,700123.83,447236.42,3.006,180,GA,Purchase,C,3 years,$120k - $200k,CURRENT,0,Evergreen Capital Servicing,2026-07-18,2026-07-21 17:44:07,VERIFIED,Fiserv_Core
LN-11178,BOR-20228,VA_30Y,2021-11-18,2041-08-05,223987.01,136284.34,6.474,240,OH,Debt_Consolidation,E,9 years,$75k - $120k,CURRENT,0,Delta Servicing Co.,2026-08-21,2026-08-22 17:44:07,VERIFIED,LOS_Encompass
LN-11179,BOR-20229,Jumbo_30Y,2021-11-02,2036-08-15,421247.0,314617.86,3.779,180,MD,Home_Improvement,C+,9 years,> $200k,CURRENT,0,Delta Servicing Co.,2026-08-18,2026-08-05 17:44:07,VERIFIED,Fiserv_Core
LN-11180,BOR-20230,Jumbo_30Y,2021-01-15,2035-10-29,624133.96,389467.38,4.56,180,AL,Home_Improvement,C,11 years,> $200k,CURRENT,0,Citadel Loan Partners,2026-07-03,2026-08-05 17:44:07,VERIFIED,Empower_Origination
LN-11181,BOR-20231,VA_30Y,2023-04-05,2052-10-29,476027.5,381391.8,4.144,360,AL,Refinance_RateTerm,C+,13 years,$40k - $75k,CURRENT,0,Delta Servicing Co.,2026-07-31,2026-07-12 17:44:07,VERIFIED,BlackKnight_MSP
LN-11182,BOR-20232,Conventional_30Y,2022-02-11,2036-11-24,492836.81,364069.56,4.745,180,FL,Purchase,C+,6 years,$40k - $75k,DELINQUENT_60,60,Citadel Loan Partners,2026-08-10,2026-07-28 17:44:07,VERIFIED,Fiserv_Core
LN-11183,BOR-20233,Personal_Installment,2022-11-04,2052-05-30,381763.9,309063.6,7.142,360,HI,Purchase,C+,1 years,< $40k,DELINQUENT_90,90,Apex Mortgage Servicing,2026-08-16,2026-08-02 17:44:07,VERIFIED,Spreadsheet_Manual_Upload
LN-11184,BOR-20234,Jumbo_30Y,2023-03-28,2052-10-21,411948.65,335373.28,3.095,360,VT,Debt_Consolidation,A+,4 years,$120k - $200k,CURRENT,0,Delta Servicing Co.,2026-07-07,2026-07-25 17:44:07,VERIFIED,Spreadsheet_Manual_Upload
LN-11185,BOR-20235,FHA_30Y,2023-06-15,2038-03-28,105392.5,78807.89,7.824,180,SC,Home_Improvement,A+,9 years,$120k - $200k,CURRENT,0,Citadel Loan Partners,2026-06-28,2026-08-15 17:44:07,VERIFIED,Fiserv_Core
LN-11186,BOR-20236,Conventional_15Y,2023-01-18,2037-10-31,127635.41,113899.5,3.922,180,IN,Refinance_CashOut,C,11 years,$40k - $75k,CURRENT,0,Delta Servicing Co.,2026-06-27,2026-07-22 17:44:07,VERIFIED,LOS_Encompass
LN-11187,BOR-20237,Personal_Installment,2021-12-25,2051-07-21,731592.04,532273.22,4.869,360,IN,Debt_Consolidation,A-,10 years,$40k - $75k,CURRENT,0,Beacon Servicing Group,2026-07-20,2026-08-05 17:44:07,VERIFIED,BlackKnight_MSP
LN-11188,BOR-20238,ARM_5_1,2021-02-18,2040-11-05,72004.87,44599.78,4.213,240,ME,Refinance_RateTerm,B,15 years,$75k - $120k,CURRENT,0,Apex Mortgage Servicing,2026-08-14,2026-08-17 17:44:07,VERIFIED,Empower_Origination
LN-11189,BOR-20239,FHA_30Y,2022-04-04,2051-10-29,249826.17,190356.69,7.151,360,ND,Home_Improvement,E,3 years,$120k - $200k,CURRENT,0,Beacon Servicing Group,2026-08-06,2026-07-14 17:44:07,VERIFIED,BlackKnight_MSP
LN-11190,BOR-20240,FHA_30Y,2021-06-23,2041-03-10,71493.57,46208.91,5.942,240,LA,Refinance_CashOut,A,16 years,$75k - $120k,CURRENT,0,Apex Mortgage Servicing,2026-07-01,2026-08-21 17:44:07,VERIFIED,Spreadsheet_Manual_Upload
LN-11191,BOR-20241,Commercial_Mortgage,2023-04-27,2038-02-07,79191.78,66114.61,6.403,180,NY,Home_Improvement,E,8 years,$75k - $120k,CURRENT,0,Beacon Servicing Group,2026-08-04,2026-07-17 17:44:07,VERIFIED,Empower_Origination
LN-11192,BOR-20242,ARM_5_1,2023-06-22,2038-04-04,263908.58,247409.71,8.045,180,DE,Purchase,D,3 years,$120k - $200k,CURRENT,0,Evergreen Capital Servicing,2026-08-17,2026-07-29 17:44:07,VERIFIED,BlackKnight_MSP
LN-11193,BOR-20243,FHA_30Y,2021-09-18,2041-06-05,228075.31,163185.81,4.817,240,IN,Home_Improvement,A+,18 years,$40k - $75k,CURRENT,0,Apex Mortgage Servicing,2026-07-22,2026-07-18 17:44:07,VERIFIED,Spreadsheet_Manual_Upload
LN-11194,BOR-20244,VA_30Y,2022-12-23,2042-09-09,598994.75,546580.56,6.44,240,ME,Refinance_RateTerm,B+,4 years,$40k - $75k,CURRENT,0,Evergreen Capital Servicing,2026-07-10,2026-08-09 17:44:07,VERIFIED,Spreadsheet_Manual_Upload
LN-11195,BOR-20245,Commercial_Mortgage,2022-08-05,2052-02-29,455495.81,275183.15,5.784,360,WY,Refinance_CashOut,E,2 years,$75k - $120k,CURRENT,0,Evergreen Capital Servicing,2026-07-08,2026-08-17 17:44:07,VERIFIED,Fiserv_Core
LN-11196,BOR-20246,Conventional_15Y,2023-05-10,2043-01-25,364589.9,328810.65,4.917,240,NY,Purchase,E,18 years,$120k - $200k,CURRENT,0,Beacon Servicing Group,2026-08-08,2026-07-21 17:44:07,VERIFIED,Empower_Origination
LN-11197,BOR-20247,Personal_Installment,2022-06-18,2037-03-31,214826.08,161376.36,3.343,180,GA,Debt_Consolidation,C,1 years,$120k - $200k,CURRENT,0,Evergreen Capital Servicing,2026-08-08,2026-08-14 17:44:07,VERIFIED,Spreadsheet_Manual_Upload
LN-11198,BOR-20248,Auto_Loan,2022-12-30,2037-10-12,454651.85,284865.27,3.715,180,GA,Purchase,A,1 years,$40k - $75k,CURRENT,0,Apex Mortgage Servicing,2026-08-17,2026-07-12 17:44:07,VERIFIED,Spreadsheet_Manual_Upload
LN-11199,BOR-20249,Commercial_Mortgage,2022-03-21,2041-12-06,315581.7,294798.01,2.921,240,NH,Debt_Consolidation,D,16 years,$120k - $200k,CURRENT,0,Citadel Loan Partners,2026-08-09,2026-08-02 17:44:07,VERIFIED,Fiserv_Core
LN-11200,BOR-20250,Conventional_15Y,2021-03-05,2040-11-20,692088.42,600503.58,5.93,240,CO,Refinance_CashOut,A,17 years,< $40k,CURRENT,0,Evergreen Capital Servicing,2026-07-11,2026-08-17 17:44:07,VERIFIED,Empower_Origination
